geo_accn,samplename,id,filename,hospital,age,size,Surgery_type,Histtype,Angioinv,Lymp_infil,node,grade,er,t.rfs,e.rfs,t.os,e.os,t.dmfs,e.dmfs,t.tdm,e.tdm,risksg,NPI,risknpi,AOL_os_10y,risk_AOL,veridex_risk
GSM177885,samplename: VDXGUYU_4002,id: 4002,filename: 10-4002_GUYA.CEL.gz,hospital: GUY,age: 57,size: 3,Surgery_type: 0,Histtype: 1,Angioinv: 1,Lymp_infil: 2,node: 0,grade: 3,er: 0,t.rfs: 723,e.rfs: 1,t.os: 937,e.os: 1,t.dmfs: 723,e.dmfs: 1,t.tdm: 723,e.tdm: 1,risksg: 2,NPI: 4.6,risknpi: 2,AOL_os_10y: 62.7,risk_AOL: 1,veridex_risk: Poor
GSM177886,samplename: VDXGUYU_4008,id: 4008,filename: 26-4008_GUYA.CEL.gz,hospital: GUY,age: 57,size: 3,Surgery_type: 0,Histtype: 2,Angioinv: 1,Lymp_infil: 3,node: 0,grade: 3,er: 1,t.rfs: 183,e.rfs: 1,t.os: 6591,e.os: 0,t.dmfs: 6591,e.dmfs: 0,t.tdm: 6591,e.tdm: 0,risksg: 2,NPI: 4.6,risknpi: 2,AOL_os_10y: 69,risk_AOL: 1,veridex_risk: Poor
GSM177887,samplename: VDXGUYU_4011,id: 4011,filename: 6-4011_GUYA.CEL.gz,hospital: GUY,age: 48,size: 2.5,Surgery_type: 1,Histtype: 1,Angioinv: 0,Lymp_infil: 2,node: 0,grade: 3,er: 0,t.rfs: 524,e.rfs: 1,t.os: 922,e.os: 1,t.dmfs: 524,e.dmfs: 1,t.tdm: 524,e.tdm: 1,risksg: 2,NPI: 4.5,risknpi: 2,AOL_os_10y: 66.2,risk_AOL: 1,veridex_risk: Poor
GSM177888,samplename: VDXGUYU_4014,id: 4014,filename: 9-4014_GUYA.CEL.gz,hospital: GUY,age: 42,size: 1.8,Surgery_type: 0,Histtype: 1,Angioinv: 1,Lymp_infil: 3,node: 0,grade: 3,er: 1,t.rfs: 2192,e.rfs: 1,t.os: 6255,e.os: 1,t.dmfs: 6255,e.dmfs: 1,t.tdm: 6255,e.tdm: 0,risksg: 2,NPI: 4.36,risknpi: 2,AOL_os_10y: 84.9,risk_AOL: 1,veridex_risk: Poor
GSM177889,samplename: VDXGUYU_4022,id: 4022,filename: 219-4022_GUYA.CEL.gz,hospital: GUY,age: 46,size: 3,Surgery_type: 0,Histtype: 1,Angioinv: 1,Lymp_infil: 2,node: 0,grade: 2,er: 1,t.rfs: 3822,e.rfs: 1,t.os: 4133,e.os: 1,t.dmfs: 3822,e.dmfs: 1,t.tdm: 3822,e.tdm: 1,risksg: 2,NPI: 3.6,risknpi: 2,AOL_os_10y: 80.2,risk_AOL: 1,veridex_risk: Poor
GSM177890,samplename: VDXGUYU_4033,id: 4033,filename: 17-4033_GUYA.CEL.gz,hospital: GUY,age: 58,size: 2,Surgery_type: 0,Histtype: 2,Angioinv: 1,Lymp_infil: 2,node: 0,grade: 2,er: 1,t.rfs: 6507,e.rfs: 0,t.os: 6507,e.os: 0,t.dmfs: 6507,e.dmfs: 0,t.tdm: 6507,e.tdm: 0,risksg: 2,NPI: 3.4,risknpi: 2,AOL_os_10y: 83.1,risk_AOL: 1,veridex_risk: Good
GSM177891,samplename: VDXGUYU_4034,id: 4034,filename: 16-4034_GUYA.CEL.gz,hospital: GUY,age: 44,size: 2,Surgery_type: 1,Histtype: 1,Angioinv: 1,Lymp_infil: 3,node: 0,grade: 3,er: 0,t.rfs: 709,e.rfs: 1,t.os: 5947,e.os: 0,t.dmfs: 5947,e.dmfs: 0,t.tdm: 5947,e.tdm: 0,risksg: 2,NPI: 4.4,risknpi: 2,AOL_os_10y: 80.6,risk_AOL: 1,veridex_risk: Poor
GSM177892,samplename: VDXGUYU_4036,id: 4036,filename: 24-4036_GUYA.CEL.gz,hospital: GUY,age: 58,size: 2.5,Surgery_type: 1,Histtype: 2,Angioinv: 1,Lymp_infil: 2,node: 0,grade: 1,er: 1,t.rfs: 5816,e.rfs: 1,t.os: 5816,e.os: 1,t.dmfs: 5816,e.dmfs: 1,t.tdm: 5816,e.tdm: 0,risksg: 2,NPI: 2.5,risknpi: 1,AOL_os_10y: 82.1,risk_AOL: 1,veridex_risk: Good
GSM177893,samplename: VDXGUYU_4040,id: 4040,filename: 13-4040_GUYA.CEL.gz,hospital: GUY,age: 47,size: 3,Surgery_type: 0,Histtype: 2,Angioinv: 2,Lymp_infil: NA,node: 0,grade: 3,er: 1,t.rfs: 6007,e.rfs: 0,t.os: 6007,e.os: 0,t.dmfs: 6007,e.dmfs: 0,t.tdm: 6007,e.tdm: 0,risksg: 2,NPI: 4.6,risknpi: 2,AOL_os_10y: 73.2,risk_AOL: 1,veridex_risk: Poor
GSM177894,samplename: VDXGUYU_4041,id: 4041,filename: 5-4041_GUYA.CEL.gz,hospital: GUY,age: 38,size: 2.5,Surgery_type: 0,Histtype: 2,Angioinv: 2,Lymp_infil: 3,node: 0,grade: 2,er: 1,t.rfs: 422,e.rfs: 1,t.os: 1484,e.os: 1,t.dmfs: 1233,e.dmfs: 1,t.tdm: 1233,e.tdm: 1,risksg: 2,NPI: 3.5,risknpi: 2,AOL_os_10y: 81.5,risk_AOL: 1,veridex_risk: Poor
GSM177895,samplename: VDXGUYU_4043,id: 4043,filename: 2-4043_GUYA.CEL.gz,hospital: GUY,age: 59,size: 2,Surgery_type: 1,Histtype: 1,Angioinv: 1,Lymp_infil: 2,node: 0,grade: 3,er: 1,t.rfs: 1136,e.rfs: 1,t.os: 1911,e.os: 1,t.dmfs: 1136,e.dmfs: 1,t.tdm: 1136,e.tdm: 1,risksg: 2,NPI: 4.4,risknpi: 2,AOL_os_10y: 77.8,risk_AOL: 1,veridex_risk: Poor
GSM177896,samplename: VDXGUYU_4044,id: 4044,filename: 3-4044_GUYA.CEL.gz,hospital: GUY,age: 50,size: 0.8,Surgery_type: 0,Histtype: 1,Angioinv: 1,Lymp_infil: 1,node: 0,grade: 1,er: 1,t.rfs: 5984,e.rfs: 0,t.os: 5984,e.os: 0,t.dmfs: 5984,e.dmfs: 0,t.tdm: 5984,e.tdm: 0,risksg: 1,NPI: 2.16,risknpi: 1,AOL_os_10y: 94.3,risk_AOL: 0,veridex_risk: Good
GSM177897,samplename: VDXGUYU_4045,id: 4045,filename: 22-4045_GUYA.CEL.gz,hospital: GUY,age: 46,size: 4.5,Surgery_type: 0,Histtype: 1,Angioinv: 1,Lymp_infil: 3,node: 0,grade: 3,er: 0,t.rfs: 6249,e.rfs: 0,t.os: 6249,e.os: 0,t.dmfs: 6249,e.dmfs: 0,t.tdm: 6249,e.tdm: 0,risksg: 2,NPI: 4.9,risknpi: 2,AOL_os_10y: 62.7,risk_AOL: 1,veridex_risk: Poor
GSM177898,samplename: VDXGUYU_4046,id: 4046,filename: 19-4046_GUYA.CEL.gz,hospital: GUY,age: 57,size: 2,Surgery_type: 0,Histtype: 1,Angioinv: 1,Lymp_infil: 2,node: 0,grade: 2,er: 0,t.rfs: 2841,e.rfs: 1,t.os: 4372,e.os: 1,t.dmfs: 4066,e.dmfs: 1,t.tdm: 4066,e.tdm: 1,risksg: 2,NPI: 3.4,risknpi: 2,AOL_os_10y: 78.3,risk_AOL: 1,veridex_risk: Good
GSM177899,samplename: VDXGUYU_4049,id: 4049,filename: 20-4049_GUYA.CEL.gz,hospital: GUY,age: 33,size: 2.5,Surgery_type: 0,Histtype: 1,Angioinv: 3,Lymp_infil: 3,node: 0,grade: 3,er: 0,t.rfs: 458,e.rfs: 1,t.os: 977,e.os: 1,t.dmfs: 690,e.dmfs: 1,t.tdm: 690,e.tdm: 1,risksg: 2,NPI: 4.5,risknpi: 2,AOL_os_10y: 68.1,risk_AOL: 1,veridex_risk: Good
GSM177900,samplename: VDXGUYU_4052,id: 4052,filename: 197-4052_GUYA.CEL.gz,hospital: GUY,age: 42,size: 2,Surgery_type: 0,Histtype: 2,Angioinv: NA,Lymp_infil: 1,node: 0,grade: 3,er: 1,t.rfs: 994,e.rfs: 1,t.os: 3830,e.os: 1,t.dmfs: 994,e.dmfs: 1,t.tdm: 994,e.tdm: 1,risksg: 2,NPI: 4.4,risknpi: 2,AOL_os_10y: 84.9,risk_AOL: 1,veridex_risk: Poor
GSM177901,samplename: VDXGUYU_4054,id: 4054,filename: 7-4054_GUYA.CEL.gz,hospital: GUY,age: 38,size: 2,Surgery_type: 0,Histtype: 1,Angioinv: 2,Lymp_infil: 2,node: 0,grade: 3,er: 0,t.rfs: 282,e.rfs: 1,t.os: 667,e.os: 1,t.dmfs: 434,e.dmfs: 1,t.tdm: 434,e.tdm: 1,risksg: 2,NPI: 4.4,risknpi: 2,AOL_os_10y: 81.5,risk_AOL: 1,veridex_risk: Poor
GSM177902,samplename: VDXGUYU_4056,id: 4056,filename: 213-4056_GUYA.CEL.gz,hospital: GUY,age: 55,size: 2.5,Surgery_type: 1,Histtype: 1,Angioinv: 3,Lymp_infil: 2,node: 0,grade: 2,er: 0,t.rfs: 548,e.rfs: 1,t.os: 2129,e.os: 1,t.dmfs: 1743,e.dmfs: 1,t.tdm: 1743,e.tdm: 1,risksg: 2,NPI: 3.5,risknpi: 2,AOL_os_10y: 65.5,risk_AOL: 1,veridex_risk: Poor
GSM177903,samplename: VDXGUYU_4060,id: 4060,filename: 8-4060_GUYA.CEL.gz,hospital: GUY,age: 57,size: 2.5,Surgery_type: 0,Histtype: 1,Angioinv: 1,Lymp_infil: 3,node: 0,grade: 2,er: 0,t.rfs: 1820,e.rfs: 1,t.os: 3590,e.os: 1,t.dmfs: 2863,e.dmfs: 1,t.tdm: 2863,e.tdm: 1,risksg: 2,NPI: 3.5,risknpi: 2,AOL_os_10y: 64.5,risk_AOL: 1,veridex_risk: Poor
GSM177904,samplename: VDXGUYU_4061,id: 4061,filename: 209-4061_GUYA.CEL.gz,hospital: GUY,age: 46,size: 2.5,Surgery_type: 0,Histtype: 1,Angioinv: 3,Lymp_infil: 2,node: 0,grade: 2,er: 1,t.rfs: 5693,e.rfs: 0,t.os: 5693,e.os: 0,t.dmfs: 5693,e.dmfs: 0,t.tdm: 5693,e.tdm: 0,risksg: 2,NPI: 3.5,risknpi: 2,AOL_os_10y: 80.2,risk_AOL: 1,veridex_risk: Poor
GSM177905,samplename: VDXGUYU_4062,id: 4062,filename: 228-4062_GUYA.CEL.gz,hospital: GUY,age: 50,size: 2,Surgery_type: 0,Histtype: 1,Angioinv: 2,Lymp_infil: 3,node: 0,grade: 2,er: 1,t.rfs: 5823,e.rfs: 0,t.os: 5823,e.os: 0,t.dmfs: 5823,e.dmfs: 0,t.tdm: 5823,e.tdm: 0,risksg: 2,NPI: 3.4,risknpi: 2,AOL_os_10y: 87.6,risk_AOL: 1,veridex_risk: Poor
GSM177906,samplename: VDXGUYU_4067,id: 4067,filename: 207-4067_GUYA.CEL.gz,hospital: GUY,age: 46,size: 2,Surgery_type: 1,Histtype: 1,Angioinv: 1,Lymp_infil: 3,node: 0,grade: 3,er: 0,t.rfs: 5785,e.rfs: 0,t.os: 5785,e.os: 0,t.dmfs: 5785,e.dmfs: 0,t.tdm: 5785,e.tdm: 0,risksg: 2,NPI: 4.4,risknpi: 2,AOL_os_10y: 80.2,risk_AOL: 1,veridex_risk: Poor
GSM177907,samplename: VDXGUYU_4072,id: 4072,filename: 27-4072_GUYA.CEL.gz,hospital: GUY,age: 46,size: 2.5,Surgery_type: 0,Histtype: 1,Angioinv: 2,Lymp_infil: 2,node: 0,grade: 2,er: 1,t.rfs: 5598,e.rfs: 1,t.os: 5661,e.os: 0,t.dmfs: 5661,e.dmfs: 0,t.tdm: 5661,e.tdm: 0,risksg: 2,NPI: 3.5,risknpi: 2,AOL_os_10y: 80.2,risk_AOL: 1,veridex_risk: Poor
GSM177908,samplename: VDXGUYU_4073,id: 4073,filename: 12-4073_GUYA.CEL.gz,hospital: GUY,age: 51,size: 1.5,Surgery_type: 0,Histtype: 1,Angioinv: 1,Lymp_infil: 2,node: 0,grade: 2,er: 1,t.rfs: 2909,e.rfs: 1,t.os: 2909,e.os: 1,t.dmfs: 2909,e.dmfs: 1,t.tdm: 2909,e.tdm: 0,risksg: 2,NPI: 3.3,risknpi: 1,AOL_os_10y: 87.2,risk_AOL: 1,veridex_risk: Poor
GSM177909,samplename: VDXGUYU_4074,id: 4074,filename: 15-4074_GUYA.CEL.gz,hospital: GUY,age: 58,size: 2.5,Surgery_type: 1,Histtype: 1,Angioinv: 3,Lymp_infil: 3,node: 0,grade: 3,er: 0,t.rfs: 121,e.rfs: 1,t.os: 1674,e.os: 1,t.dmfs: 1171,e.dmfs: 1,t.tdm: 1171,e.tdm: 1,risksg: 2,NPI: 4.5,risknpi: 2,AOL_os_10y: 62.1,risk_AOL: 1,veridex_risk: Poor
GSM177910,samplename: VDXGUYU_4075,id: 4075,filename: 23-4075_GUYA.CEL.gz,hospital: GUY,age: 59,size: 2.6,Surgery_type: 0,Histtype: 3,Angioinv: 1,Lymp_infil: 2,node: 0,grade: 1,er: 1,t.rfs: 5110,e.rfs: 0,t.os: 5110,e.os: 0,t.dmfs: 5110,e.dmfs: 0,t.tdm: 5110,e.tdm: 0,risksg: 2,NPI: 2.52,risknpi: 1,AOL_os_10y: 81.4,risk_AOL: 1,veridex_risk: Good
GSM177911,samplename: VDXGUYU_4076,id: 4076,filename: 11-4076_GUYA.CEL.gz,hospital: GUY,age: 49,size: 0.6,Surgery_type: 1,Histtype: 1,Angioinv: 1,Lymp_infil: 1,node: 0,grade: 2,er: 1,t.rfs: 5533,e.rfs: 0,t.os: 5533,e.os: 0,t.dmfs: 5533,e.dmfs: 0,t.tdm: 5533,e.tdm: 0,risksg: 2,NPI: 3.12,risknpi: 1,AOL_os_10y: 92.8,risk_AOL: 0,veridex_risk: Good
GSM177912,samplename: VDXGUYU_4080,id: 4080,filename: 199-4080_GUYA.CEL.gz,hospital: GUY,age: 43,size: 2.5,Surgery_type: 0,Histtype: 1,Angioinv: 1,Lymp_infil: 1,node: 0,grade: 1,er: 1,t.rfs: 1429,e.rfs: 1,t.os: 5571,e.os: 0,t.dmfs: 5571,e.dmfs: 0,t.tdm: 5571,e.tdm: 0,risksg: 2,NPI: 2.5,risknpi: 1,AOL_os_10y: 88.7,risk_AOL: 0,veridex_risk: Good
GSM177913,samplename: VDXGUYU_4081,id: 4081,filename: 25-4081_GUYA.CEL.gz,hospital: GUY,age: 47,size: 2,Surgery_type: 1,Histtype: 1,Angioinv: 1,Lymp_infil: 3,node: 0,grade: 3,er: 0,t.rfs: 5519,e.rfs: 0,t.os: 5519,e.os: 0,t.dmfs: 5519,e.dmfs: 0,t.tdm: 5519,e.tdm: 0,risksg: 2,NPI: 4.4,risknpi: 2,AOL_os_10y: 80,risk_AOL: 1,veridex_risk: Poor
GSM177914,samplename: VDXGUYU_4087,id: 4087,filename: 18-4087_GUYA.CEL.gz,hospital: GUY,age: 37,size: 1.7,Surgery_type: 1,Histtype: 1,Angioinv: 2,Lymp_infil: 3,node: 0,grade: 3,er: 1,t.rfs: 5379,e.rfs: 0,t.os: 5379,e.os: 0,t.dmfs: 5379,e.dmfs: 0,t.tdm: 5379,e.tdm: 0,risksg: 2,NPI: 4.34,risknpi: 2,AOL_os_10y: 85.6,risk_AOL: 1,veridex_risk: Good
GSM177915,samplename: VDXGUYU_4088,id: 4088,filename: 14-4088_GUYA.CEL.gz,hospital: GUY,age: 48,size: 4,Surgery_type: 0,Histtype: 1,Angioinv: 1,Lymp_infil: 3,node: 0,grade: 3,er: 1,t.rfs: 4675,e.rfs: 0,t.os: 4675,e.os: 0,t.dmfs: 4675,e.dmfs: 0,t.tdm: 4675,e.tdm: 0,risksg: 2,NPI: 4.8,risknpi: 2,AOL_os_10y: 65.2,risk_AOL: 1,veridex_risk: Good
GSM177916,samplename: VDXGUYU_4096,id: 4096,filename: 189-4096_GUYA.CEL.gz,hospital: GUY,age: 47,size: 1.9,Surgery_type: 0,Histtype: 1,Angioinv: 1,Lymp_infil: 2,node: 0,grade: 2,er: 1,t.rfs: 1666,e.rfs: 1,t.os: 4652,e.os: 0,t.dmfs: 4652,e.dmfs: 0,t.tdm: 4652,e.tdm: 0,risksg: 2,NPI: 3.38,risknpi: 2,AOL_os_10y: 88.6,risk_AOL: 0,veridex_risk: Poor
GSM177917,samplename: VDXGUYU_4097,id: 4097,filename: 200-4097_GUYA.CEL.gz,hospital: GUY,age: 46,size: 2.5,Surgery_type: 0,Histtype: 1,Angioinv: 1,Lymp_infil: 2,node: 0,grade: 2,er: 1,t.rfs: 4227,e.rfs: 0,t.os: 4227,e.os: 0,t.dmfs: 4227,e.dmfs: 0,t.tdm: 4227,e.tdm: 0,risksg: 2,NPI: 3.5,risknpi: 2,AOL_os_10y: 80.2,risk_AOL: 1,veridex_risk: Poor
GSM177918,samplename: VDXGUYU_4098,id: 4098,filename: 4-4098_GUYA.CEL.gz,hospital: GUY,age: 48,size: 2,Surgery_type: 0,Histtype: 1,Angioinv: 2,Lymp_infil: 2,node: 0,grade: 3,er: 0,t.rfs: 316,e.rfs: 1,t.os: 1530,e.os: 1,t.dmfs: 910,e.dmfs: 1,t.tdm: 910,e.tdm: 1,risksg: 2,NPI: 4.4,risknpi: 2,AOL_os_10y: 79.7,risk_AOL: 1,veridex_risk: Poor
GSM177919,samplename: VDXGUYU_4099,id: 4099,filename: 21-4099_GUYA.CEL.gz,hospital: GUY,age: 58,size: 1.9,Surgery_type: 0,Histtype: 1,Angioinv: 1,Lymp_infil: 2,node: 0,grade: 2,er: 1,t.rfs: 4472,e.rfs: 0,t.os: 4472,e.os: 0,t.dmfs: 4472,e.dmfs: 0,t.tdm: 4472,e.tdm: 0,risksg: 2,NPI: 3.38,risknpi: 2,AOL_os_10y: 83.1,risk_AOL: 1,veridex_risk: Good
GSM177920,samplename: VDXGUYU_4105,id: 4105,filename: 1-4105_GUYA.CEL.gz,hospital: GUY,age: 34,size: 2,Surgery_type: 0,Histtype: 1,Angioinv: 1,Lymp_infil: 1,node: 0,grade: 3,er: 1,t.rfs: 350,e.rfs: 1,t.os: 1275,e.os: 1,t.dmfs: 1206,e.dmfs: 1,t.tdm: 1206,e.tdm: 1,risksg: 2,NPI: 4.4,risknpi: 2,AOL_os_10y: 79.9,risk_AOL: 1,veridex_risk: Poor
GSM177921,samplename: VDXIGRU_166154,id: 166154,filename: 233-166154_IGRA.CEL.gz,hospital: IGR,age: 30,size: 4.5,Surgery_type: 1,Histtype: 1,Angioinv: 1,Lymp_infil: 1,node: 0,grade: 2,er: 1,t.rfs: 5632,e.rfs: 1,t.os: 7057,e.os: 0,t.dmfs: 7057,e.dmfs: 0,t.tdm: 7057,e.tdm: 0,risksg: 2,NPI: 3.9,risknpi: 2,AOL_os_10y: 65.3,risk_AOL: 1,veridex_risk: Poor
GSM177922,samplename: VDXIGRU_171150,id: 171150,filename: 68-171150_IGRA.CEL.gz,hospital: IGR,age: 35,size: 3,Surgery_type: 1,Histtype: 1,Angioinv: 1,Lymp_infil: 2,node: 0,grade: 2,er: 1,t.rfs: 958,e.rfs: 0,t.os: 958,e.os: 0,t.dmfs: 958,e.dmfs: 0,t.tdm: 958,e.tdm: 0,risksg: 2,NPI: 3.6,risknpi: 2,AOL_os_10y: 81.8,risk_AOL: 1,veridex_risk: Good
GSM177923,samplename: VDXIGRU_171260,id: 171260,filename: 30-171260_IGRA.CEL.gz,hospital: IGR,age: 56,size: 2.6,Surgery_type: 0,Histtype: 1,Angioinv: 1,Lymp_infil: 2,node: 0,grade: 3,er: 0,t.rfs: 5359,e.rfs: 0,t.os: 5359,e.os: 0,t.dmfs: 5359,e.dmfs: 0,t.tdm: 5359,e.tdm: 0,risksg: 2,NPI: 4.52,risknpi: 2,AOL_os_10y: 63.2,risk_AOL: 1,veridex_risk: Good
GSM177924,samplename: VDXIGRU_171558,id: 171558,filename: 47-171558_IGRA.CEL.gz,hospital: IGR,age: 35,size: 3.2,Surgery_type: 1,Histtype: 8,Angioinv: 1,Lymp_infil: 1,node: 0,grade: 2,er: 0,t.rfs: 5945,e.rfs: 0,t.os: 5945,e.os: 0,t.dmfs: 5945,e.dmfs: 0,t.tdm: 5945,e.tdm: 0,risksg: 2,NPI: 3.64,risknpi: 2,AOL_os_10y: 66.1,risk_AOL: 1,veridex_risk: Good
GSM177925,samplename: VDXIGRU_171620,id: 171620,filename: 178-171620_IGRA.CEL.gz,hospital: IGR,age: 52,size: 2.7,Surgery_type: 1,Histtype: 1,Angioinv: 1,Lymp_infil: 1,node: 0,grade: 3,er: 0,t.rfs: 5651,e.rfs: 0,t.os: 5651,e.os: 0,t.dmfs: 5651,e.dmfs: 0,t.tdm: 5651,e.tdm: 0,risksg: 2,NPI: 4.54,risknpi: 2,AOL_os_10y: 64.9,risk_AOL: 1,veridex_risk: Poor
GSM177926,samplename: VDXIGRU_172086,id: 172086,filename: 192-172086_IGRA.CEL.gz,hospital: IGR,age: 47,size: 3,Surgery_type: 0,Histtype: 1,Angioinv: 1,Lymp_infil: 2,node: 0,grade: 3,er: 1,t.rfs: 528,e.rfs: 1,t.os: 6036,e.os: 1,t.dmfs: 528,e.dmfs: 1,t.tdm: 528,e.tdm: 1,risksg: 2,NPI: 4.6,risknpi: 2,AOL_os_10y: 73.2,risk_AOL: 1,veridex_risk: Poor
GSM177927,samplename: VDXIGRU_211980,id: 211980,filename: 70-211980_IGRA.CEL.gz,hospital: IGR,age: 42,size: 1.6,Surgery_type: 0,Histtype: 1,Angioinv: 1,Lymp_infil: 2,node: 0,grade: 3,er: 0,t.rfs: 408,e.rfs: 1,t.os: 1436,e.os: 1,t.dmfs: 796,e.dmfs: 1,t.tdm: 796,e.tdm: 1,risksg: 2,NPI: 4.32,risknpi: 2,AOL_os_10y: 81,risk_AOL: 1,veridex_risk: Poor
GSM177928,samplename: VDXIGRU_214603,id: 214603,filename: 31-214603_IGRA.CEL.gz,hospital: IGR,age: 54,size: 1.7,Surgery_type: 0,Histtype: 1,Angioinv: 1,Lymp_infil: 2,node: 0,grade: 2,er: 1,t.rfs: 5685,e.rfs: 0,t.os: 5685,e.os: 0,t.dmfs: 5685,e.dmfs: 0,t.tdm: 5685,e.tdm: 0,risksg: 2,NPI: 3.34,risknpi: 2,AOL_os_10y: 85.7,risk_AOL: 1,veridex_risk: Good
GSM177929,samplename: VDXIGRU_216806,id: 216806,filename: 33-216806_IGRA.CEL.gz,hospital: IGR,age: 42,size: 2.5,Surgery_type: 0,Histtype: 1,Angioinv: 1,Lymp_infil: 1,node: 0,grade: 3,er: 1,t.rfs: 1023,e.rfs: 1,t.os: 1754,e.os: 1,t.dmfs: 1023,e.dmfs: 1,t.tdm: 1023,e.tdm: 1,risksg: 2,NPI: 4.5,risknpi: 2,AOL_os_10y: 74.2,risk_AOL: 1,veridex_risk: Poor
GSM177930,samplename: VDXIGRU_216939,id: 216939,filename: 58-216939_IGRA.CEL.gz,hospital: IGR,age: 50,size: 2.5,Surgery_type: 0,Histtype: 1,Angioinv: 1,Lymp_infil: 2,node: 0,grade: 2,er: 1,t.rfs: 4791,e.rfs: 0,t.os: 4791,e.os: 0,t.dmfs: 4791,e.dmfs: 0,t.tdm: 4791,e.tdm: 0,risksg: 2,NPI: 3.5,risknpi: 2,AOL_os_10y: 79,risk_AOL: 1,veridex_risk: Good
GSM177931,samplename: VDXIGRU_217320,id: 217320,filename: 36-217320_IGRA.CEL.gz,hospital: IGR,age: 42,size: 3,Surgery_type: 1,Histtype: 1,Angioinv: 1,Lymp_infil: 2,node: 0,grade: 1,er: 1,t.rfs: 1215,e.rfs: 0,t.os: 1215,e.os: 0,t.dmfs: 1215,e.dmfs: 0,t.tdm: 1215,e.tdm: 0,risksg: 2,NPI: 2.6,risknpi: 1,AOL_os_10y: 88.9,risk_AOL: 0,veridex_risk: Poor
GSM177932,samplename: VDXIGRU_219139,id: 219139,filename: 202-219139_IGRA.CEL.gz,hospital: IGR,age: 38,size: 3.5,Surgery_type: 0,Histtype: 1,Angioinv: 1,Lymp_infil: 2,node: 0,grade: 1,er: 1,t.rfs: 3779,e.rfs: 0,t.os: 3779,e.os: 0,t.dmfs: 3779,e.dmfs: 0,t.tdm: 3779,e.tdm: 0,risksg: 2,NPI: 2.7,risknpi: 1,AOL_os_10y: 84.5,risk_AOL: 1,veridex_risk: Poor
GSM177933,samplename: VDXIGRU_219468,id: 219468,filename: 61-219468_IGRA.CEL.gz,hospital: IGR,age: 37,size: 2.5,Surgery_type: 0,Histtype: 1,Angioinv: 1,Lymp_infil: 1,node: 0,grade: 3,er: 1,t.rfs: 5306,e.rfs: 0,t.os: 5306,e.os: 0,t.dmfs: 5306,e.dmfs: 0,t.tdm: 5306,e.tdm: 0,risksg: 2,NPI: 4.5,risknpi: 2,AOL_os_10y: 74.7,risk_AOL: 1,veridex_risk: Poor
GSM177934,samplename: VDXIGRU_219490,id: 219490,filename: 52-219490_IGRA.CEL.gz,hospital: IGR,age: 44,size: 3,Surgery_type: 1,Histtype: 1,Angioinv: 1,Lymp_infil: 3,node: 0,grade: 3,er: 1,t.rfs: 5678,e.rfs: 0,t.os: 5678,e.os: 0,t.dmfs: 5678,e.dmfs: 0,t.tdm: 5678,e.tdm: 0,risksg: 2,NPI: 4.6,risknpi: 2,AOL_os_10y: 73.8,risk_AOL: 1,veridex_risk: Poor
GSM177935,samplename: VDXIGRU_219587,id: 219587,filename: 240-219587_IGRA.CEL.gz,hospital: IGR,age: 37,size: 3.1,Surgery_type: 0,Histtype: 1,Angioinv: 1,Lymp_infil: 2,node: 0,grade: 3,er: 0,t.rfs: 421,e.rfs: 1,t.os: 794,e.os: 1,t.dmfs: 421,e.dmfs: 1,t.tdm: 421,e.tdm: 1,risksg: 2,NPI: 4.62,risknpi: 2,AOL_os_10y: 63.9,risk_AOL: 1,veridex_risk: Poor
GSM177936,samplename: VDXIGRU_219863,id: 219863,filename: 35-219863_IGRA.CEL.gz,hospital: IGR,age: 51,size: 1.5,Surgery_type: 0,Histtype: 1,Angioinv: 1,Lymp_infil: 2,node: 0,grade: 2,er: 1,t.rfs: 840,e.rfs: 1,t.os: 5612,e.os: 0,t.dmfs: 5612,e.dmfs: 0,t.tdm: 5612,e.tdm: 0,risksg: 2,NPI: 3.3,risknpi: 1,AOL_os_10y: 87.2,risk_AOL: 1,veridex_risk: Good
GSM177937,samplename: VDXIGRU_219873,id: 219873,filename: 37-219873_IGRA.CEL.gz,hospital: IGR,age: 53,size: 4,Surgery_type: 1,Histtype: 1,Angioinv: NA,Lymp_infil: NA,node: 0,grade: 3,er: 0,t.rfs: 3121,e.rfs: 1,t.os: 3326,e.os: 0,t.dmfs: 3121,e.dmfs: 1,t.tdm: 3121,e.tdm: 1,risksg: 2,NPI: 4.8,risknpi: 2,AOL_os_10y: 60.8,risk_AOL: 1,veridex_risk: Good
GSM177938,samplename: VDXIGRU_245392,id: 245392,filename: 39-245392_IGRA.CEL.gz,hospital: IGR,age: 49,size: 2.5,Surgery_type: 0,Histtype: 7,Angioinv: 1,Lymp_infil: 2,node: 0,grade: 1,er: 1,t.rfs: 1104,e.rfs: 0,t.os: 1104,e.os: 0,t.dmfs: 1104,e.dmfs: 0,t.tdm: 1104,e.tdm: 0,risksg: 2,NPI: 2.5,risknpi: 1,AOL_os_10y: 87,risk_AOL: 1,veridex_risk: Good
GSM177939,samplename: VDXIGRU_245596,id: 245596,filename: 208-245596_IGRA.CEL.gz,hospital: IGR,age: 43,size: 3,Surgery_type: 1,Histtype: 1,Angioinv: 1,Lymp_infil: 2,node: 0,grade: 3,er: 0,t.rfs: 4691,e.rfs: 0,t.os: 4691,e.os: 0,t.dmfs: 4691,e.dmfs: 0,t.tdm: 4691,e.tdm: 0,risksg: 2,NPI: 4.6,risknpi: 2,AOL_os_10y: 67.1,risk_AOL: 1,veridex_risk: Good
GSM177940,samplename: VDXIGRU_246047,id: 246047,filename: 42-246047_IGRA.CEL.gz,hospital: IGR,age: 39,size: 2.2,Surgery_type: 0,Histtype: 1,Angioinv: 2,Lymp_infil: 2,node: 0,grade: 2,er: 1,t.rfs: 1609,e.rfs: 1,t.os: 5238,e.os: 0,t.dmfs: 5238,e.dmfs: 0,t.tdm: 5238,e.tdm: 0,risksg: 2,NPI: 3.44,risknpi: 2,AOL_os_10y: 81.4,risk_AOL: 1,veridex_risk: Poor
GSM177941,samplename: VDXIGRU_246166,id: 246166,filename: 239-246166_IGRA.CEL.gz,hospital: IGR,age: 47,size: 2,Surgery_type: 0,Histtype: 1,Angioinv: 1,Lymp_infil: 1,node: 0,grade: 2,er: 1,t.rfs: 5101,e.rfs: 0,t.os: 5101,e.os: 0,t.dmfs: 5101,e.dmfs: 0,t.tdm: 5101,e.tdm: 0,risksg: 2,NPI: 3.4,risknpi: 2,AOL_os_10y: 88.6,risk_AOL: 0,veridex_risk: Poor
GSM177942,samplename: VDXIGRU_246381,id: 246381,filename: 45-246381_IGRA.CEL.gz,hospital: IGR,age: 42,size: 1.9,Surgery_type: 0,Histtype: 1,Angioinv: 1,Lymp_infil: 2,node: 0,grade: 3,er: 1,t.rfs: 2809,e.rfs: 0,t.os: 2809,e.os: 0,t.dmfs: 2809,e.dmfs: 0,t.tdm: 2809,e.tdm: 0,risksg: 2,NPI: 4.38,risknpi: 2,AOL_os_10y: 84.9,risk_AOL: 1,veridex_risk: Poor
GSM177943,samplename: VDXIGRU_246560,id: 246560,filename: 185-246560_IGRA.CEL.gz,hospital: IGR,age: 39,size: 1.2,Surgery_type: 0,Histtype: 1,Angioinv: 1,Lymp_infil: 2,node: 0,grade: 2,er: 0,t.rfs: 3296,e.rfs: 0,t.os: 3296,e.os: 0,t.dmfs: 3296,e.dmfs: 0,t.tdm: 3296,e.tdm: 0,risksg: 2,NPI: 3.24,risknpi: 1,AOL_os_10y: 84.4,risk_AOL: 1,veridex_risk: Poor
GSM177944,samplename: VDXIGRU_246821,id: 246821,filename: 193-246821_IGRA.CEL.gz,hospital: IGR,age: 52,size: 3,Surgery_type: 1,Histtype: 1,Angioinv: 1,Lymp_infil: 2,node: 0,grade: 2,er: 1,t.rfs: 546,e.rfs: 1,t.os: 3555,e.os: 0,t.dmfs: 3555,e.dmfs: 0,t.tdm: 3555,e.tdm: 0,risksg: 2,NPI: 3.6,risknpi: 2,AOL_os_10y: 78.1,risk_AOL: 1,veridex_risk: Poor
GSM177945,samplename: VDXIGRU_246919,id: 246919,filename: 217-246919_IGRA.CEL.gz,hospital: IGR,age: 50,size: 1.5,Surgery_type: 0,Histtype: 1,Angioinv: 2,Lymp_infil: 2,node: 0,grade: 2,er: 1,t.rfs: 3525,e.rfs: 1,t.os: 5433,e.os: 0,t.dmfs: 5433,e.dmfs: 0,t.tdm: 5433,e.tdm: 0,risksg: 2,NPI: 3.3,risknpi: 1,AOL_os_10y: 87.6,risk_AOL: 1,veridex_risk: Poor
GSM177946,samplename: VDXIGRU_247000,id: 247000,filename: 40-247000_IGRA.CEL.gz,hospital: IGR,age: 36,size: 2.2,Surgery_type: 0,Histtype: 1,Angioinv: 2,Lymp_infil: 1,node: 0,grade: 3,er: 1,t.rfs: 854,e.rfs: 1,t.os: 5228,e.os: 0,t.dmfs: 5228,e.dmfs: 0,t.tdm: 5228,e.tdm: 0,risksg: 2,NPI: 4.44,risknpi: 2,AOL_os_10y: 74.8,risk_AOL: 1,veridex_risk: Poor
GSM177947,samplename: VDXIGRU_247243,id: 247243,filename: 64-247243_IGRA.CEL.gz,hospital: IGR,age: 45,size: 2.5,Surgery_type: 0,Histtype: 1,Angioinv: NA,Lymp_infil: NA,node: 0,grade: 2,er: 1,t.rfs: 1813,e.rfs: 1,t.os: 5316,e.os: 0,t.dmfs: 5316,e.dmfs: 0,t.tdm: 5316,e.tdm: 0,risksg: 2,NPI: 3.5,risknpi: 2,AOL_os_10y: 80.4,risk_AOL: 1,veridex_risk: Poor
GSM177948,samplename: VDXIGRU_247401,id: 247401,filename: 51-247401_IGRA.CEL.gz,hospital: IGR,age: 50,size: 1.7,Surgery_type: 0,Histtype: 1,Angioinv: 1,Lymp_infil: 2,node: 0,grade: 1,er: 1,t.rfs: 4925,e.rfs: 0,t.os: 4925,e.os: 0,t.dmfs: 4925,e.dmfs: 0,t.tdm: 4925,e.tdm: 0,risksg: 1,NPI: 2.34,risknpi: 1,AOL_os_10y: 92.4,risk_AOL: 0,veridex_risk: Good
GSM177949,samplename: VDXIGRU_254031,id: 254031,filename: 54-254031_IGRA.CEL.gz,hospital: IGR,age: 39,size: 2.3,Surgery_type: 0,Histtype: 1,Angioinv: NA,Lymp_infil: NA,node: 0,grade: 3,er: 1,t.rfs: 3853,e.rfs: 1,t.os: 5012,e.os: 0,t.dmfs: 5012,e.dmfs: 0,t.tdm: 5012,e.tdm: 0,risksg: 2,NPI: 4.46,risknpi: 2,AOL_os_10y: 74.5,risk_AOL: 1,veridex_risk: Poor
GSM177950,samplename: VDXIGRU_254485,id: 254485,filename: 179-254485_IGRA.CEL.gz,hospital: IGR,age: 44,size: 3,Surgery_type: 0,Histtype: 1,Angioinv: 1,Lymp_infil: 1,node: 0,grade: 1,er: 1,t.rfs: 4642,e.rfs: 0,t.os: 4642,e.os: 0,t.dmfs: 4642,e.dmfs: 0,t.tdm: 4642,e.tdm: 0,risksg: 2,NPI: 2.6,risknpi: 1,AOL_os_10y: 88.4,risk_AOL: 0,veridex_risk: Good
GSM177951,samplename: VDXIGRU_255160,id: 255160,filename: 44-255160_IGRA.CEL.gz,hospital: IGR,age: 50,size: 1.3,Surgery_type: 0,Histtype: 1,Angioinv: 1,Lymp_infil: 1,node: 0,grade: 1,er: 1,t.rfs: 3311,e.rfs: 0,t.os: 3311,e.os: 0,t.dmfs: 3311,e.dmfs: 0,t.tdm: 3311,e.tdm: 0,risksg: 1,NPI: 2.26,risknpi: 1,AOL_os_10y: 92.4,risk_AOL: 0,veridex_risk: Good
GSM177952,samplename: VDXIGRU_255627,id: 255627,filename: 222-255627_IGRA.CEL.gz,hospital: IGR,age: 51,size: 1.8,Surgery_type: 0,Histtype: 1,Angioinv: 1,Lymp_infil: 2,node: 0,grade: 2,er: 1,t.rfs: 4863,e.rfs: 0,t.os: 4863,e.os: 0,t.dmfs: 4863,e.dmfs: 0,t.tdm: 4863,e.tdm: 0,risksg: 2,NPI: 3.36,risknpi: 2,AOL_os_10y: 87.2,risk_AOL: 1,veridex_risk: Poor
GSM177953,samplename: VDXIGRU_256209,id: 256209,filename: 227-256209_IGRA.CEL.gz,hospital: IGR,age: 49,size: 2,Surgery_type: 1,Histtype: 1,Angioinv: 1,Lymp_infil: 1,node: 0,grade: 1,er: 1,t.rfs: 1780,e.rfs: 1,t.os: 3347,e.os: 1,t.dmfs: 1815,e.dmfs: 1,t.tdm: 1815,e.tdm: 1,risksg: 1,NPI: 2.4,risknpi: 1,AOL_os_10y: 92.8,risk_AOL: 0,veridex_risk: Poor
GSM177954,samplename: VDXIGRU_256734,id: 256734,filename: 220-256734_IGRA.CEL.gz,hospital: IGR,age: 37,size: 2,Surgery_type: 0,Histtype: 1,Angioinv: 1,Lymp_infil: 1,node: 0,grade: 2,er: 0,t.rfs: 803,e.rfs: 1,t.os: 1049,e.os: 1,t.dmfs: 803,e.dmfs: 1,t.tdm: 803,e.tdm: 1,risksg: 2,NPI: 3.4,risknpi: 2,AOL_os_10y: 84.6,risk_AOL: 1,veridex_risk: Poor
GSM177955,samplename: VDXIGRU_256940,id: 256940,filename: 55-256940_IGRA.CEL.gz,hospital: IGR,age: 51,size: 1.8,Surgery_type: 0,Histtype: 1,Angioinv: 1,Lymp_infil: 2,node: 0,grade: 2,er: 1,t.rfs: 2105,e.rfs: 0,t.os: 2105,e.os: 0,t.dmfs: 2105,e.dmfs: 0,t.tdm: 2105,e.tdm: 0,risksg: 2,NPI: 3.36,risknpi: 2,AOL_os_10y: 87.2,risk_AOL: 1,veridex_risk: Poor
GSM177956,samplename: VDXIGRU_256975,id: 256975,filename: 183-256975_IGRA.CEL.gz,hospital: IGR,age: 40,size: 2,Surgery_type: 0,Histtype: 1,Angioinv: 2,Lymp_infil: 1,node: 0,grade: 3,er: 0,t.rfs: 530,e.rfs: 1,t.os: 929,e.os: 1,t.dmfs: 530,e.dmfs: 1,t.tdm: 530,e.tdm: 1,risksg: 2,NPI: 4.4,risknpi: 2,AOL_os_10y: 81.3,risk_AOL: 1,veridex_risk: Poor
GSM177957,samplename: VDXIGRU_271448,id: 271448,filename: 187-271448_IGRA.CEL.gz,hospital: IGR,age: 44,size: 2,Surgery_type: 1,Histtype: 1,Angioinv: 1,Lymp_infil: 2,node: 0,grade: 1,er: 1,t.rfs: 4830,e.rfs: 0,t.os: 4830,e.os: 0,t.dmfs: 4830,e.dmfs: 0,t.tdm: 4830,e.tdm: 0,risksg: 1,NPI: 2.4,risknpi: 1,AOL_os_10y: 94.3,risk_AOL: 0,veridex_risk: Poor
GSM177958,samplename: VDXIGRU_271982,id: 271982,filename: 231-271982_IGRA.CEL.gz,hospital: IGR,age: 49,size: 2,Surgery_type: 0,Histtype: 1,Angioinv: 1,Lymp_infil: 1,node: 0,grade: 3,er: 1,t.rfs: 1721,e.rfs: 1,t.os: 2148,e.os: 1,t.dmfs: 1721,e.dmfs: 1,t.tdm: 1721,e.tdm: 1,risksg: 2,NPI: 4.4,risknpi: 2,AOL_os_10y: 83.2,risk_AOL: 1,veridex_risk: Poor
GSM177959,samplename: VDXIGRU_272219,id: 272219,filename: 214-272219_IGRA.CEL.gz,hospital: IGR,age: 53,size: 1.5,Surgery_type: 0,Histtype: 7,Angioinv: 1,Lymp_infil: 1,node: 0,grade: 1,er: 1,t.rfs: 4720,e.rfs: 0,t.os: 4720,e.os: 0,t.dmfs: 4720,e.dmfs: 0,t.tdm: 4720,e.tdm: 0,risksg: 1,NPI: 2.3,risknpi: 1,AOL_os_10y: 90.9,risk_AOL: 0,veridex_risk: Poor
GSM177960,samplename: VDXIGRU_272823,id: 272823,filename: 59-272823_IGRA.CEL.gz,hospital: IGR,age: 44,size: 2.9,Surgery_type: 0,Histtype: 1,Angioinv: 1,Lymp_infil: 1,node: 0,grade: 2,er: 1,t.rfs: 1259,e.rfs: 1,t.os: 2453,e.os: 1,t.dmfs: 1259,e.dmfs: 1,t.tdm: 1259,e.tdm: 1,risksg: 2,NPI: 3.58,risknpi: 2,AOL_os_10y: 80.6,risk_AOL: 1,veridex_risk: Poor
GSM177961,samplename: VDXIGRU_280328,id: 280328,filename: 43-280328_IGRA.CEL.gz,hospital: IGR,age: 48,size: 2.3,Surgery_type: 1,Histtype: 1,Angioinv: NA,Lymp_infil: NA,node: 0,grade: 2,er: 1,t.rfs: 3976,e.rfs: 1,t.os: 4438,e.os: 0,t.dmfs: 3976,e.dmfs: 1,t.tdm: 3976,e.tdm: 1,risksg: 2,NPI: 3.46,risknpi: 2,AOL_os_10y: 79.6,risk_AOL: 1,veridex_risk: Good
GSM177962,samplename: VDXIGRU_280352,id: 280352,filename: 56-280352_IGRA.CEL.gz,hospital: IGR,age: 57,size: 2.5,Surgery_type: 0,Histtype: 1,Angioinv: NA,Lymp_infil: NA,node: 0,grade: 2,er: 1,t.rfs: 3331,e.rfs: 1,t.os: 4469,e.os: 0,t.dmfs: 4050,e.dmfs: 1,t.tdm: 4050,e.tdm: 1,risksg: 2,NPI: 3.5,risknpi: 2,AOL_os_10y: 75.5,risk_AOL: 1,veridex_risk: Good
GSM177963,samplename: VDXIGRU_280775,id: 280775,filename: 66-280775_IGRA.CEL.gz,hospital: IGR,age: 45,size: 3,Surgery_type: 1,Histtype: 1,Angioinv: 1,Lymp_infil: 3,node: 0,grade: 3,er: 1,t.rfs: 1740,e.rfs: 0,t.os: 1740,e.os: 0,t.dmfs: 1740,e.dmfs: 0,t.tdm: 1740,e.tdm: 0,risksg: 2,NPI: 4.6,risknpi: 2,AOL_os_10y: 73.6,risk_AOL: 1,veridex_risk: Poor
GSM177964,samplename: VDXIGRU_287897,id: 287897,filename: 48-287897_IGRA.CEL.gz,hospital: IGR,age: 44,size: 2,Surgery_type: 0,Histtype: 1,Angioinv: 1,Lymp_infil: 2,node: 0,grade: 1,er: 1,t.rfs: 3218,e.rfs: 1,t.os: 3608,e.os: 1,t.dmfs: 3608,e.dmfs: 1,t.tdm: 3608,e.tdm: 0,risksg: 1,NPI: 2.4,risknpi: 1,AOL_os_10y: 94.3,risk_AOL: 0,veridex_risk: Good
GSM177965,samplename: VDXIGRU_306818,id: 306818,filename: 63-306818_IGRA.CEL.gz,hospital: IGR,age: 39,size: 1.5,Surgery_type: 0,Histtype: 1,Angioinv: 2,Lymp_infil: 2,node: 0,grade: 2,er: 1,t.rfs: 2536,e.rfs: 1,t.os: 3900,e.os: 0,t.dmfs: 3900,e.dmfs: 0,t.tdm: 3900,e.tdm: 0,risksg: 2,NPI: 3.3,risknpi: 1,AOL_os_10y: 90.3,risk_AOL: 0,veridex_risk: Good
GSM177966,samplename: VDXIGRU_307251,id: 307251,filename: 225-307251_IGRA.CEL.gz,hospital: IGR,age: 40,size: 3,Surgery_type: 0,Histtype: 1,Angioinv: 1,Lymp_infil: 1,node: 0,grade: 3,er: 0,t.rfs: 1554,e.rfs: 0,t.os: 1554,e.os: 0,t.dmfs: 1554,e.dmfs: 0,t.tdm: 1554,e.tdm: 0,risksg: 2,NPI: 4.6,risknpi: 2,AOL_os_10y: 67.6,risk_AOL: 1,veridex_risk: Poor
GSM177967,samplename: VDXIGRU_307327,id: 307327,filename: 29-307327_IGRA.CEL.gz,hospital: IGR,age: 38,size: 2,Surgery_type: 0,Histtype: 1,Angioinv: 1,Lymp_infil: 2,node: 0,grade: 3,er: 1,t.rfs: 3544,e.rfs: 0,t.os: 3544,e.os: 0,t.dmfs: 3544,e.dmfs: 0,t.tdm: 3544,e.tdm: 0,risksg: 2,NPI: 4.4,risknpi: 2,AOL_os_10y: 85.5,risk_AOL: 1,veridex_risk: Good
GSM177968,samplename: VDXIGRU_307506,id: 307506,filename: 60-307506_IGRA.CEL.gz,hospital: IGR,age: 45,size: 2.6,Surgery_type: 0,Histtype: 1,Angioinv: 1,Lymp_infil: 1,node: 0,grade: 1,er: 1,t.rfs: 3721,e.rfs: 0,t.os: 3721,e.os: 0,t.dmfs: 3721,e.dmfs: 0,t.tdm: 3721,e.tdm: 0,risksg: 2,NPI: 2.52,risknpi: 1,AOL_os_10y: 88.2,risk_AOL: 0,veridex_risk: Poor
GSM177969,samplename: VDXIGRU_307829,id: 307829,filename: 28-307829_IGRA.CEL.gz,hospital: IGR,age: 43,size: 2.6,Surgery_type: 0,Histtype: 1,Angioinv: 3,Lymp_infil: 2,node: 0,grade: 2,er: 1,t.rfs: 3771,e.rfs: 0,t.os: 3771,e.os: 0,t.dmfs: 3771,e.dmfs: 0,t.tdm: 3771,e.tdm: 0,risksg: 2,NPI: 3.52,risknpi: 2,AOL_os_10y: 80.8,risk_AOL: 1,veridex_risk: Poor
GSM177970,samplename: VDXIGRU_314827,id: 314827,filename: 57-314827_IGRA.CEL.gz,hospital: IGR,age: 47,size: 1.5,Surgery_type: 0,Histtype: 6,Angioinv: 1,Lymp_infil: 1,node: 0,grade: 3,er: 0,t.rfs: 3293,e.rfs: 0,t.os: 3293,e.os: 0,t.dmfs: 3293,e.dmfs: 0,t.tdm: 3293,e.tdm: 0,risksg: 2,NPI: 4.3,risknpi: 2,AOL_os_10y: 80,risk_AOL: 1,veridex_risk: Poor
GSM177971,samplename: VDXOXFU_37,id: 37,filename: 76-37_OXFA.CEL.gz,hospital: JRH,age: 38,size: 1.8,Surgery_type: 0,Histtype: 1,Angioinv: 1,Lymp_infil: NA,node: 0,grade: 2,er: 0,t.rfs: 3093,e.rfs: 1,t.os: 3800,e.os: 0,t.dmfs: 3800,e.dmfs: 0,t.tdm: 3800,e.tdm: 0,risksg: 2,NPI: 3.36,risknpi: 2,AOL_os_10y: 84.5,risk_AOL: 1,veridex_risk: Poor
GSM177972,samplename: VDXOXFU_57,id: 57,filename: 108-57_OXFA.CEL.gz,hospital: JRH,age: 43,size: 2,Surgery_type: 1,Histtype: 1,Angioinv: NA,Lymp_infil: NA,node: 0,grade: 2,er: 0,t.rfs: 4396,e.rfs: 1,t.os: 4455,e.os: 0,t.dmfs: 4415,e.dmfs: 1,t.tdm: 4415,e.tdm: 1,risksg: 2,NPI: 3.4,risknpi: 2,AOL_os_10y: 83.8,risk_AOL: 1,veridex_risk: Poor
GSM177973,samplename: VDXOXFU_104,id: 104,filename: 74-104_OXFA.CEL.gz,hospital: JRH,age: 60,size: 3.1,Surgery_type: 0,Histtype: 3,Angioinv: NA,Lymp_infil: NA,node: 0,grade: 3,er: 1,t.rfs: 649,e.rfs: 1,t.os: 1029,e.os: 1,t.dmfs: 649,e.dmfs: 1,t.tdm: 649,e.tdm: 1,risksg: 2,NPI: 4.62,risknpi: 2,AOL_os_10y: 59.9,risk_AOL: 1,veridex_risk: Poor
GSM177974,samplename: VDXOXFU_157,id: 157,filename: 86-157_OXFA.CEL.gz,hospital: JRH,age: 42,size: 2,Surgery_type: 0,Histtype: 1,Angioinv: NA,Lymp_infil: NA,node: 0,grade: 2,er: 1,t.rfs: 4945,e.rfs: 1,t.os: 4952,e.os: 0,t.dmfs: 4952,e.dmfs: 0,t.tdm: 4952,e.tdm: 0,risksg: 2,NPI: 3.4,risknpi: 2,AOL_os_10y: 89.8,risk_AOL: 0,veridex_risk: Poor
GSM177975,samplename: VDXOXFU_194,id: 194,filename: 85-194_OXFA.CEL.gz,hospital: JRH,age: 46,size: 2.1,Surgery_type: 1,Histtype: 3,Angioinv: NA,Lymp_infil: NA,node: 0,grade: 3,er: 0,t.rfs: 1693,e.rfs: 1,t.os: 2985,e.os: 1,t.dmfs: 1693,e.dmfs: 1,t.tdm: 1693,e.tdm: 1,risksg: 2,NPI: 4.42,risknpi: 2,AOL_os_10y: 66.6,risk_AOL: 1,veridex_risk: Poor
GSM177976,samplename: VDXOXFU_220,id: 220,filename: 87-220_OXFA.CEL.gz,hospital: JRH,age: 47,size: 1,Surgery_type: 0,Histtype: 1,Angioinv: NA,Lymp_infil: NA,node: 0,grade: 2,er: 0,t.rfs: 3725,e.rfs: 1,t.os: 4603,e.os: 0,t.dmfs: 4603,e.dmfs: 0,t.tdm: 4603,e.tdm: 0,risksg: 2,NPI: 3.2,risknpi: 1,AOL_os_10y: 91.6,risk_AOL: 1,veridex_risk: Poor
GSM177977,samplename: VDXOXFU_245,id: 245,filename: 102-245_OXFA.CEL.gz,hospital: JRH,age: 54,size: 1,Surgery_type: 0,Histtype: 1,Angioinv: NA,Lymp_infil: NA,node: 0,grade: 3,er: 0,t.rfs: 4857,e.rfs: 0,t.os: 4857,e.os: 0,t.dmfs: 4857,e.dmfs: 0,t.tdm: 4857,e.tdm: 0,risksg: 2,NPI: 4.2,risknpi: 2,AOL_os_10y: 85.7,risk_AOL: 1,veridex_risk: Poor
GSM177978,samplename: VDXOXFU_316,id: 316,filename: 105-316_OXFA.CEL.gz,hospital: JRH,age: 47,size: 2.2,Surgery_type: 0,Histtype: 1,Angioinv: NA,Lymp_infil: NA,node: 0,grade: 3,er: 0,t.rfs: 4681,e.rfs: 0,t.os: 4681,e.os: 0,t.dmfs: 4681,e.dmfs: 0,t.tdm: 4681,e.tdm: 0,risksg: 2,NPI: 4.44,risknpi: 2,AOL_os_10y: 66.4,risk_AOL: 1,veridex_risk: Poor
GSM177979,samplename: VDXOXFU_320,id: 320,filename: 96-320_OXFA.CEL.gz,hospital: JRH,age: 39,size: 5,Surgery_type: 1,Histtype: 1,Angioinv: NA,Lymp_infil: NA,node: 0,grade: 3,er: 0,t.rfs: 2561,e.rfs: 1,t.os: 2965,e.os: 1,t.dmfs: 2965,e.dmfs: 1,t.tdm: 2965,e.tdm: 0,risksg: 2,NPI: 5,risknpi: 2,AOL_os_10y: 63.7,risk_AOL: 1,veridex_risk: Good
GSM177980,samplename: VDXOXFU_360,id: 360,filename: 98-360_OXFA.CEL.gz,hospital: JRH,age: 32,size: 3,Surgery_type: 0,Histtype: 1,Angioinv: NA,Lymp_infil: NA,node: 0,grade: 3,er: 0,t.rfs: 4596,e.rfs: 0,t.os: 4596,e.os: 0,t.dmfs: 4596,e.dmfs: 0,t.tdm: 4596,e.tdm: 0,risksg: 2,NPI: 4.6,risknpi: 2,AOL_os_10y: 68.2,risk_AOL: 1,veridex_risk: Poor
GSM177981,samplename: VDXOXFU_366,id: 366,filename: 75-366_OXFA.CEL.gz,hospital: JRH,age: 57,size: 2.5,Surgery_type: 1,Histtype: 1,Angioinv: NA,Lymp_infil: NA,node: 0,grade: 3,er: 0,t.rfs: 1038,e.rfs: 1,t.os: 1205,e.os: 1,t.dmfs: 1112,e.dmfs: 1,t.tdm: 1112,e.tdm: 1,risksg: 2,NPI: 4.5,risknpi: 2,AOL_os_10y: 62.7,risk_AOL: 1,veridex_risk: Poor
GSM177982,samplename: VDXOXFU_513,id: 513,filename: 79-513_OXFA.CEL.gz,hospital: JRH,age: 47,size: 3.8,Surgery_type: 0,Histtype: 1,Angioinv: NA,Lymp_infil: NA,node: 0,grade: 2,er: 0,t.rfs: 1141,e.rfs: 1,t.os: 1918,e.os: 1,t.dmfs: 1918,e.dmfs: 1,t.tdm: 1918,e.tdm: 0,risksg: 2,NPI: 3.76,risknpi: 2,AOL_os_10y: 64.5,risk_AOL: 1,veridex_risk: Poor
GSM177983,samplename: VDXOXFU_530,id: 530,filename: 89-530_OXFA.CEL.gz,hospital: JRH,age: 54,size: 1.8,Surgery_type: 0,Histtype: 1,Angioinv: NA,Lymp_infil: NA,node: 0,grade: 2,er: 1,t.rfs: 996,e.rfs: 1,t.os: 2111,e.os: 1,t.dmfs: 1731,e.dmfs: 1,t.tdm: 1731,e.tdm: 1,risksg: 2,NPI: 3.36,risknpi: 2,AOL_os_10y: 85.7,risk_AOL: 1,veridex_risk: Poor
GSM177984,samplename: VDXOXFU_544,id: 544,filename: 95-544_OXFA.CEL.gz,hospital: JRH,age: 54,size: 1.8,Surgery_type: 0,Histtype: 1,Angioinv: NA,Lymp_infil: NA,node: 0,grade: 1,er: 1,t.rfs: 4327,e.rfs: 0,t.os: 4327,e.os: 0,t.dmfs: 4327,e.dmfs: 0,t.tdm: 4327,e.tdm: 0,risksg: 1,NPI: 2.36,risknpi: 1,AOL_os_10y: 90.3,risk_AOL: 0,veridex_risk: Poor
GSM177985,samplename: VDXOXFU_547,id: 547,filename: 80-547_OXFA.CEL.gz,hospital: JRH,age: 45,size: 4,Surgery_type: 0,Histtype: 1,Angioinv: NA,Lymp_infil: NA,node: 0,grade: 3,er: 0,t.rfs: 4352,e.rfs: 0,t.os: 4352,e.os: 0,t.dmfs: 4352,e.dmfs: 0,t.tdm: 4352,e.tdm: 0,risksg: 2,NPI: 4.8,risknpi: 2,AOL_os_10y: 62.9,risk_AOL: 1,veridex_risk: Poor
GSM177986,samplename: VDXOXFU_662,id: 662,filename: 100-662_OXFA.CEL.gz,hospital: JRH,age: 43,size: 2.2,Surgery_type: 0,Histtype: 1,Angioinv: 1,Lymp_infil: NA,node: 0,grade: 3,er: 1,t.rfs: 2083,e.rfs: 1,t.os: 4181,e.os: 0,t.dmfs: 4181,e.dmfs: 0,t.tdm: 4181,e.tdm: 0,risksg: 2,NPI: 4.44,risknpi: 2,AOL_os_10y: 74,risk_AOL: 1,veridex_risk: Poor
GSM177987,samplename: VDXOXFU_869,id: 869,filename: 83-869_OXFA.CEL.gz,hospital: JRH,age: 48,size: 1,Surgery_type: 0,Histtype: 7,Angioinv: NA,Lymp_infil: NA,node: 0,grade: 1,er: 1,t.rfs: 3188,e.rfs: 0,t.os: 3188,e.os: 0,t.dmfs: 3188,e.dmfs: 0,t.tdm: 3188,e.tdm: 0,risksg: 1,NPI: 2.2,risknpi: 1,AOL_os_10y: 95.1,risk_AOL: 0,veridex_risk: Good
GSM177988,samplename: VDXOXFU_1006,id: 1006,filename: 99-1006_OXFA.CEL.gz,hospital: JRH,age: 43,size: 2,Surgery_type: 0,Histtype: 1,Angioinv: NA,Lymp_infil: NA,node: 0,grade: 3,er: 1,t.rfs: 2672,e.rfs: 0,t.os: 2672,e.os: 0,t.dmfs: 2672,e.dmfs: 0,t.tdm: 2672,e.tdm: 0,risksg: 2,NPI: 4.4,risknpi: 2,AOL_os_10y: 84.8,risk_AOL: 1,veridex_risk: Good
GSM177989,samplename: VDXOXFU_1065,id: 1065,filename: 103-1065_OXFA.CEL.gz,hospital: JRH,age: 43,size: 2,Surgery_type: 0,Histtype: 1,Angioinv: NA,Lymp_infil: NA,node: 0,grade: 2,er: 1,t.rfs: 730,e.rfs: 1,t.os: 794,e.os: 1,t.dmfs: 730,e.dmfs: 1,t.tdm: 730,e.tdm: 1,risksg: 2,NPI: 3.4,risknpi: 2,AOL_os_10y: 89.6,risk_AOL: 0,veridex_risk: Poor
GSM177990,samplename: VDXOXFU_1183,id: 1183,filename: 97-1183_OXFA.CEL.gz,hospital: JRH,age: 50,size: 0.8,Surgery_type: 0,Histtype: 1,Angioinv: 1,Lymp_infil: NA,node: 0,grade: 1,er: 1,t.rfs: 1591,e.rfs: 0,t.os: 1591,e.os: 0,t.dmfs: 1591,e.dmfs: 0,t.tdm: 1591,e.tdm: 0,risksg: 1,NPI: 2.16,risknpi: 1,AOL_os_10y: 94.3,risk_AOL: 0,veridex_risk: Poor
GSM177991,samplename: VDXOXFU_1210,id: 1210,filename: 94-1210_OXFA.CEL.gz,hospital: JRH,age: 43,size: 0.8,Surgery_type: 0,Histtype: 1,Angioinv: NA,Lymp_infil: NA,node: 0,grade: 1,er: 1,t.rfs: 1920,e.rfs: 0,t.os: 1920,e.os: 0,t.dmfs: 1920,e.dmfs: 0,t.tdm: 1920,e.tdm: 0,risksg: 1,NPI: 2.16,risknpi: 1,AOL_os_10y: 96.5,risk_AOL: 0,veridex_risk: Good
GSM177992,samplename: VDXOXFU_1328,id: 1328,filename: 84-1328_OXFA.CEL.gz,hospital: JRH,age: 49,size: 1.3,Surgery_type: 0,Histtype: 2,Angioinv: NA,Lymp_infil: NA,node: 0,grade: 2,er: 1,t.rfs: 2647,e.rfs: 0,t.os: 2647,e.os: 0,t.dmfs: 2647,e.dmfs: 0,t.tdm: 2647,e.tdm: 0,risksg: 2,NPI: 3.26,risknpi: 1,AOL_os_10y: 88,risk_AOL: 0,veridex_risk: Poor
GSM177993,samplename: VDXOXFU_1373,id: 1373,filename: 91-1373_OXFA.CEL.gz,hospital: JRH,age: 38,size: 2,Surgery_type: 0,Histtype: 1,Angioinv: 3,Lymp_infil: NA,node: 0,grade: 2,er: 0,t.rfs: 269,e.rfs: 1,t.os: 413,e.os: 1,t.dmfs: 269,e.dmfs: 1,t.tdm: 269,e.tdm: 1,risksg: 2,NPI: 3.4,risknpi: 2,AOL_os_10y: 84.5,risk_AOL: 1,veridex_risk: Poor
GSM177994,samplename: VDXOXFU_1415,id: 1415,filename: 82-1415_OXFA.CEL.gz,hospital: JRH,age: 47,size: 0.9,Surgery_type: 0,Histtype: 2,Angioinv: NA,Lymp_infil: NA,node: 0,grade: 2,er: 0,t.rfs: 1290,e.rfs: 0,t.os: 1290,e.os: 0,t.dmfs: 1290,e.dmfs: 0,t.tdm: 1290,e.tdm: 0,risksg: 2,NPI: 3.18,risknpi: 1,AOL_os_10y: 91.6,risk_AOL: 1,veridex_risk: Poor
GSM177995,samplename: VDXKIU_121,id: 121,filename: 245_-121_KIA.CEL.gz,hospital: KAR,age: 54,size: 1,Surgery_type: 1,Histtype: 1,Angioinv: NA,Lymp_infil: NA,node: 0,grade: 2,er: 1,t.rfs: 4568,e.rfs: 0,t.os: 4568,e.os: 0,t.dmfs: 4568,e.dmfs: 0,t.tdm: 4568,e.tdm: 0,risksg: 2,NPI: 3.2,risknpi: 1,AOL_os_10y: 90.3,risk_AOL: 0,veridex_risk: Poor
GSM177996,samplename: VDXKIU_205,id: 205,filename: 238-205_KIA.CEL.gz,hospital: KAR,age: 52,size: 1.9,Surgery_type: 0,Histtype: 1,Angioinv: NA,Lymp_infil: NA,node: 0,grade: 1,er: 1,t.rfs: 4537,e.rfs: 0,t.os: 4537,e.os: 0,t.dmfs: 4537,e.dmfs: 0,t.tdm: 4537,e.tdm: 0,risksg: 1,NPI: 2.38,risknpi: 1,AOL_os_10y: 91.5,risk_AOL: 0,veridex_risk: Good
GSM177997,samplename: VDXKIU_386,id: 386,filename: 147-386_KIA.CEL.gz,hospital: KAR,age: 51,size: 1.4,Surgery_type: 0,Histtype: 1,Angioinv: NA,Lymp_infil: NA,node: 0,grade: 2,er: 1,t.rfs: 5035,e.rfs: 0,t.os: 5035,e.os: 0,t.dmfs: 5035,e.dmfs: 0,t.tdm: 5035,e.tdm: 0,risksg: 2,NPI: 3.28,risknpi: 1,AOL_os_10y: 87.2,risk_AOL: 1,veridex_risk: Poor
GSM177998,samplename: VDXKIU_440,id: 440,filename: 201-440_KIA.CEL.gz,hospital: KAR,age: 50,size: 0.9,Surgery_type: 0,Histtype: 1,Angioinv: NA,Lymp_infil: NA,node: 0,grade: 2,er: 1,t.rfs: 1465,e.rfs: 1,t.os: 3207,e.os: 1,t.dmfs: 2604,e.dmfs: 1,t.tdm: 2604,e.tdm: 1,risksg: 2,NPI: 3.18,risknpi: 1,AOL_os_10y: 92.4,risk_AOL: 0,veridex_risk: Poor
GSM177999,samplename: VDXKIU_1000,id: 1000,filename: 186-1000_KIA.CEL.gz,hospital: KAR,age: 43,size: 4,Surgery_type: 1,Histtype: 1,Angioinv: NA,Lymp_infil: NA,node: 0,grade: 2,er: 0,t.rfs: 394,e.rfs: 1,t.os: 491,e.os: 1,t.dmfs: 394,e.dmfs: 1,t.tdm: 394,e.tdm: 1,risksg: 2,NPI: 3.8,risknpi: 2,AOL_os_10y: 65.3,risk_AOL: 1,veridex_risk: Poor
GSM178000,samplename: VDXKIU_1246,id: 1246,filename: 212-1246_KIA.CEL.gz,hospital: KAR,age: 24,size: 0.9,Surgery_type: 1,Histtype: 1,Angioinv: NA,Lymp_infil: NA,node: 0,grade: 2,er: 1,t.rfs: 3512,e.rfs: 1,t.os: 8251,e.os: 0,t.dmfs: 6777,e.dmfs: 1,t.tdm: 6777,e.tdm: 0,risksg: 2,NPI: 3.18,risknpi: 1,AOL_os_10y: 95.4,risk_AOL: 0,veridex_risk: Poor
GSM178001,samplename: VDXKIU_15E2,id: 1500,filename: 145-15E2_KIA.CEL.gz,hospital: KAR,age: 40,size: 1.4,Surgery_type: 0,Histtype: 1,Angioinv: NA,Lymp_infil: NA,node: 0,grade: 3,er: 1,t.rfs: 2549,e.rfs: 0,t.os: 2549,e.os: 0,t.dmfs: 2549,e.dmfs: 0,t.tdm: 2549,e.tdm: 0,risksg: 2,NPI: 4.28,risknpi: 2,AOL_os_10y: 85.2,risk_AOL: 1,veridex_risk: Poor
GSM178002,samplename: VDXKIU_1608,id: 1608,filename: 134-1608_KIA.CEL.gz,hospital: KAR,age: 56,size: 1,Surgery_type: 1,Histtype: 1,Angioinv: NA,Lymp_infil: NA,node: 0,grade: 2,er: 1,t.rfs: 4085,e.rfs: 0,t.os: 4085,e.os: 0,t.dmfs: 4085,e.dmfs: 0,t.tdm: 4085,e.tdm: 0,risksg: 2,NPI: 3.2,risknpi: 1,AOL_os_10y: 89,risk_AOL: 0,veridex_risk: Poor
GSM178003,samplename: VDXKIU_1708,id: 1708,filename: 196-1708_KIA.CEL.gz,hospital: KAR,age: 43,size: 2,Surgery_type: 0,Histtype: 1,Angioinv: NA,Lymp_infil: NA,node: 0,grade: 3,er: 0,t.rfs: 2892,e.rfs: 1,t.os: 2892,e.os: 1,t.dmfs: 2892,e.dmfs: 1,t.tdm: 2892,e.tdm: 0,risksg: 2,NPI: 4.4,risknpi: 2,AOL_os_10y: 80.8,risk_AOL: 1,veridex_risk: Good
GSM178004,samplename: VDXKIU_2481,id: 2481,filename: 138-2481_KIA.CEL.gz,hospital: KAR,age: 50,size: 1.1,Surgery_type: 1,Histtype: 2,Angioinv: NA,Lymp_infil: NA,node: 0,grade: NA,er: 1,t.rfs: 2441,e.rfs: 1,t.os: 5236,e.os: 0,t.dmfs: 5236,e.dmfs: 0,t.tdm: 5236,e.tdm: 0,risksg: NA,NPI: NA,risknpi: NA,AOL_os_10y: 87.6,risk_AOL: 1,veridex_risk: Poor
GSM178005,samplename: VDXKIU_2656,id: 2656,filename: 126-2656_KIA.CEL.gz,hospital: KAR,age: 54,size: 1,Surgery_type: 0,Histtype: 1,Angioinv: NA,Lymp_infil: NA,node: 0,grade: 1,er: 1,t.rfs: 5406,e.rfs: 0,t.os: 5406,e.os: 0,t.dmfs: 5406,e.dmfs: 0,t.tdm: 5406,e.tdm: 0,risksg: 1,NPI: 2.2,risknpi: 1,AOL_os_10y: 92.2,risk_AOL: 0,veridex_risk: Poor
GSM178006,samplename: VDXKIU_2743,id: 2743,filename: 113-2743_KIA.CEL.gz,hospital: KAR,age: 45,size: 2.2,Surgery_type: 1,Histtype: 1,Angioinv: NA,Lymp_infil: NA,node: 0,grade: 3,er: 0,t.rfs: 4279,e.rfs: 0,t.os: 4279,e.os: 0,t.dmfs: 4279,e.dmfs: 0,t.tdm: 4279,e.tdm: 0,risksg: 2,NPI: 4.44,risknpi: 2,AOL_os_10y: 66.9,risk_AOL: 1,veridex_risk: Poor
GSM178007,samplename: VDXKIU_2889,id: 2889,filename: 118-2889_KIA.CEL.gz,hospital: KAR,age: 43,size: 1.2,Surgery_type: 0,Histtype: 1,Angioinv: NA,Lymp_infil: NA,node: 0,grade: 2,er: 1,t.rfs: 1520,e.rfs: 1,t.os: 5359,e.os: 0,t.dmfs: 5359,e.dmfs: 0,t.tdm: 5359,e.tdm: 0,risksg: 2,NPI: 3.24,risknpi: 1,AOL_os_10y: 89.6,risk_AOL: 0,veridex_risk: Good
GSM178008,samplename: VDXKIU_2946,id: 2946,filename: 142_-2946_KIA.CEL.gz,hospital: KAR,age: 49,size: 2,Surgery_type: 0,Histtype: 1,Angioinv: NA,Lymp_infil: NA,node: 0,grade: 1,er: 1,t.rfs: 3964,e.rfs: 0,t.os: 3964,e.os: 0,t.dmfs: 3964,e.dmfs: 0,t.tdm: 3964,e.tdm: 0,risksg: 1,NPI: 2.4,risknpi: 1,AOL_os_10y: 92.8,risk_AOL: 0,veridex_risk: Poor
GSM178009,samplename: VDXKIU_3367,id: 3367,filename: 190-3367_KIA.CEL.gz,hospital: KAR,age: 53,size: 3.8,Surgery_type: 1,Histtype: 1,Angioinv: NA,Lymp_infil: NA,node: 0,grade: 3,er: 0,t.rfs: 277,e.rfs: 1,t.os: 642,e.os: 1,t.dmfs: 289,e.dmfs: 1,t.tdm: 289,e.tdm: 1,risksg: 2,NPI: 4.76,risknpi: 2,AOL_os_10y: 60.8,risk_AOL: 1,veridex_risk: Poor
GSM178010,samplename: VDXKIU_15E6,id: 15000000,filename: 131-15E6_KIA.CEL.gz,hospital: KAR,age: 39,size: 1.1,Surgery_type: 1,Histtype: 1,Angioinv: NA,Lymp_infil: NA,node: 0,grade: 3,er: 0,t.rfs: 6298,e.rfs: 0,t.os: 6298,e.os: 0,t.dmfs: 6298,e.dmfs: 0,t.tdm: 6298,e.tdm: 0,risksg: 2,NPI: 4.22,risknpi: 2,AOL_os_10y: 81.4,risk_AOL: 1,veridex_risk: Poor
GSM178011,samplename: VDXKIU_15E7,id: 150000000,filename: 215-15E7_KIA.CEL.gz,hospital: KAR,age: 38,size: 2.2,Surgery_type: 0,Histtype: 6,Angioinv: NA,Lymp_infil: NA,node: 0,grade: NA,er: 1,t.rfs: 4972,e.rfs: 1,t.os: 6399,e.os: 0,t.dmfs: 6399,e.dmfs: 0,t.tdm: 6399,e.tdm: 0,risksg: 2,NPI: NA,risknpi: NA,AOL_os_10y: 78.6,risk_AOL: 1,veridex_risk: Poor
GSM178012,samplename: VDXKIU_15E8,id: 1500000000,filename: 243_-15E8_KIA.CEL.gz,hospital: KAR,age: 38,size: 2,Surgery_type: 0,Histtype: 1,Angioinv: NA,Lymp_infil: NA,node: 0,grade: 3,er: 1,t.rfs: 5683,e.rfs: 0,t.os: 5683,e.os: 0,t.dmfs: 5683,e.dmfs: 0,t.tdm: 5683,e.tdm: 0,risksg: 2,NPI: 4.4,risknpi: 2,AOL_os_10y: 85.5,risk_AOL: 1,veridex_risk: Poor
GSM178013,samplename: VDXKIU_101B88,id: 101B88,filename: 229-101B88_KIA.CEL.gz,hospital: KAR,age: 40,size: 1.2,Surgery_type: 0,Histtype: 1,Angioinv: NA,Lymp_infil: NA,node: 0,grade: 3,er: 0,t.rfs: 6240,e.rfs: 0,t.os: 6240,e.os: 0,t.dmfs: 6240,e.dmfs: 0,t.tdm: 6240,e.tdm: 0,risksg: 2,NPI: 4.24,risknpi: 2,AOL_os_10y: 81.3,risk_AOL: 1,veridex_risk: Poor
GSM178014,samplename: VDXKIU_125B43,id: 125B43,filename: 124-125B43_KIA.CEL.gz,hospital: KAR,age: 38,size: 1.5,Surgery_type: 0,Histtype: 3,Angioinv: NA,Lymp_infil: NA,node: 0,grade: 2,er: 1,t.rfs: 6161,e.rfs: 0,t.os: 6161,e.os: 0,t.dmfs: 6161,e.dmfs: 0,t.tdm: 6161,e.tdm: 0,risksg: 2,NPI: 3.3,risknpi: 1,AOL_os_10y: 90.4,risk_AOL: 0,veridex_risk: Poor
GSM178015,samplename: VDXKIU_136B04,id: 136B04,filename: 144-136B04_KIA.CEL.gz,hospital: KAR,age: 54,size: 1.7,Surgery_type: 0,Histtype: 1,Angioinv: NA,Lymp_infil: NA,node: 0,grade: 2,er: 1,t.rfs: 892,e.rfs: 1,t.os: 6132,e.os: 0,t.dmfs: 6132,e.dmfs: 0,t.tdm: 6132,e.tdm: 0,risksg: 2,NPI: 3.34,risknpi: 2,AOL_os_10y: 85.7,risk_AOL: 1,veridex_risk: Poor
GSM178016,samplename: VDXKIU_144B49,id: 144B49,filename: 146-144B49_KIA.CEL.gz,hospital: KAR,age: 40,size: 2.1,Surgery_type: 1,Histtype: 1,Angioinv: NA,Lymp_infil: NA,node: 0,grade: 2,er: 1,t.rfs: 4212,e.rfs: 1,t.os: 5337,e.os: 1,t.dmfs: 4212,e.dmfs: 1,t.tdm: 4212,e.tdm: 1,risksg: 2,NPI: 3.42,risknpi: 2,AOL_os_10y: 81.4,risk_AOL: 1,veridex_risk: Good
GSM178017,samplename: VDXKIU_15C5,id: 15C5,filename: 120-15C5_KIA.CEL.gz,hospital: KAR,age: 56,size: 1,Surgery_type: 1,Histtype: NA,Angioinv: NA,Lymp_infil: NA,node: 0,grade: 3,er: 0,t.rfs: 4980,e.rfs: 0,t.os: 4980,e.os: 0,t.dmfs: 4980,e.dmfs: 0,t.tdm: 4980,e.tdm: 0,risksg: 2,NPI: 4.2,risknpi: 2,AOL_os_10y: 84.4,risk_AOL: 1,veridex_risk: Good
GSM178018,samplename: VDXKIU_15D6,id: 15D6,filename: 129-15D6_KIA.CEL.gz,hospital: KAR,age: 45,size: 2,Surgery_type: 0,Histtype: 1,Angioinv: NA,Lymp_infil: NA,node: 0,grade: 2,er: 1,t.rfs: 1703,e.rfs: 1,t.os: 1703,e.os: 1,t.dmfs: 1703,e.dmfs: 1,t.tdm: 1703,e.tdm: 0,risksg: 2,NPI: 3.4,risknpi: 2,AOL_os_10y: 89.2,risk_AOL: 0,veridex_risk: Poor
GSM178019,samplename: VDXKIU_15D7,id: 15D7,filename: 112-15D7_KIA.CEL.gz,hospital: KAR,age: 46,size: 2,Surgery_type: 0,Histtype: 2,Angioinv: NA,Lymp_infil: NA,node: 0,grade: 2,er: 1,t.rfs: 5014,e.rfs: 0,t.os: 5014,e.os: 0,t.dmfs: 5014,e.dmfs: 0,t.tdm: 5014,e.tdm: 0,risksg: 2,NPI: 3.4,risknpi: 2,AOL_os_10y: 88.9,risk_AOL: 0,veridex_risk: Poor
GSM178020,samplename: VDXKIU_15D9,id: 15D9,filename: 136-15D9_KIA.CEL.gz,hospital: KAR,age: 45,size: 1.6,Surgery_type: 0,Histtype: NA,Angioinv: NA,Lymp_infil: NA,node: 0,grade: 3,er: 1,t.rfs: 880,e.rfs: 1,t.os: 1924,e.os: 1,t.dmfs: 880,e.dmfs: 1,t.tdm: 880,e.tdm: 1,risksg: 2,NPI: 4.32,risknpi: 2,AOL_os_10y: 84.3,risk_AOL: 1,veridex_risk: Poor
GSM178021,samplename: VDXKIU_15H3,id: 15H3,filename: 121-15H3_KIA.CEL.gz,hospital: KAR,age: 33,size: 2.8,Surgery_type: 1,Histtype: NA,Angioinv: NA,Lymp_infil: NA,node: 0,grade: 3,er: 0,t.rfs: 8711,e.rfs: 0,t.os: 8711,e.os: 0,t.dmfs: 8711,e.dmfs: 0,t.tdm: 8711,e.tdm: 0,risksg: 2,NPI: 4.56,risknpi: 2,AOL_os_10y: 68.1,risk_AOL: 1,veridex_risk: Good
GSM178022,samplename: VDXKIU_15H4,id: 15H4,filename: 116-15H4_KIA.CEL.gz,hospital: KAR,age: 37,size: 2.4,Surgery_type: 0,Histtype: 1,Angioinv: NA,Lymp_infil: NA,node: 0,grade: 3,er: 0,t.rfs: 4672,e.rfs: 0,t.os: 4672,e.os: 0,t.dmfs: 4672,e.dmfs: 0,t.tdm: 4672,e.tdm: 0,risksg: 2,NPI: 4.48,risknpi: 2,AOL_os_10y: 67.9,risk_AOL: 1,veridex_risk: Poor
GSM178023,samplename: VDXKIU_16B4,id: 16B4,filename: 111-16B4_KIA.CEL.gz,hospital: KAR,age: 42,size: 2.5,Surgery_type: 1,Histtype: 1,Angioinv: NA,Lymp_infil: NA,node: 0,grade: 3,er: 0,t.rfs: 6943,e.rfs: 0,t.os: 6943,e.os: 0,t.dmfs: 6943,e.dmfs: 0,t.tdm: 6943,e.tdm: 0,risksg: 2,NPI: 4.5,risknpi: 2,AOL_os_10y: 67.3,risk_AOL: 1,veridex_risk: Poor
GSM178024,samplename: VDXKIU_16C8,id: 16C8,filename: 122-16C8_KIA.CEL.gz,hospital: KAR,age: 47,size: 1.1,Surgery_type: 1,Histtype: 1,Angioinv: NA,Lymp_infil: NA,node: 0,grade: 3,er: 1,t.rfs: 6135,e.rfs: 0,t.os: 6135,e.os: 0,t.dmfs: 6135,e.dmfs: 0,t.tdm: 6135,e.tdm: 0,risksg: 2,NPI: 4.22,risknpi: 2,AOL_os_10y: 83.8,risk_AOL: 1,veridex_risk: Good
GSM178025,samplename: VDXKIU_16G1,id: 16G1,filename: 109-16G1_KIA.CEL.gz,hospital: KAR,age: 43,size: 2,Surgery_type: 1,Histtype: 1,Angioinv: NA,Lymp_infil: NA,node: 0,grade: 2,er: 1,t.rfs: 805,e.rfs: 1,t.os: 1803,e.os: 1,t.dmfs: 805,e.dmfs: 1,t.tdm: 805,e.tdm: 1,risksg: 2,NPI: 3.4,risknpi: 2,AOL_os_10y: 89.6,risk_AOL: 0,veridex_risk: Poor
GSM178026,samplename: VDXKIU_197B95,id: 197B95,filename: 128-197B95_KIA.CEL.gz,hospital: KAR,age: 44,size: 1.6,Surgery_type: 0,Histtype: 1,Angioinv: NA,Lymp_infil: NA,node: 0,grade: 3,er: 1,t.rfs: 5917,e.rfs: 0,t.os: 5917,e.os: 0,t.dmfs: 5917,e.dmfs: 0,t.tdm: 5917,e.tdm: 0,risksg: 2,NPI: 4.32,risknpi: 2,AOL_os_10y: 84.6,risk_AOL: 1,veridex_risk: Poor
GSM178027,samplename: VDXKIU_199B55,id: 199B55,filename: 110-199B55_KIA.CEL.gz,hospital: KAR,age: 54,size: 2.3,Surgery_type: 1,Histtype: 1,Angioinv: NA,Lymp_infil: NA,node: 0,grade: 2,er: 1,t.rfs: 5909,e.rfs: 0,t.os: 5909,e.os: 0,t.dmfs: 5909,e.dmfs: 0,t.tdm: 5909,e.tdm: 0,risksg: 2,NPI: 3.46,risknpi: 2,AOL_os_10y: 77.1,risk_AOL: 1,veridex_risk: Good
GSM178028,samplename: VDXKIU_219C42,id: 219C42,filename: 125-219C42_KIA.CEL.gz,hospital: KAR,age: 51,size: 1.8,Surgery_type: 0,Histtype: 1,Angioinv: NA,Lymp_infil: NA,node: 0,grade: 2,er: 0,t.rfs: 2196,e.rfs: 1,t.os: 2196,e.os: 1,t.dmfs: 2196,e.dmfs: 1,t.tdm: 2196,e.tdm: 0,risksg: 2,NPI: 3.36,risknpi: 2,AOL_os_10y: 81.4,risk_AOL: 1,veridex_risk: Poor
GSM178029,samplename: VDXKIU_220C70,id: 220C70,filename: 127-220C70_KIA.CEL.gz,hospital: KAR,age: 42,size: 2,Surgery_type: 0,Histtype: 3,Angioinv: NA,Lymp_infil: NA,node: 0,grade: 2,er: 1,t.rfs: 5860,e.rfs: 0,t.os: 5860,e.os: 0,t.dmfs: 5860,e.dmfs: 0,t.tdm: 5860,e.tdm: 0,risksg: 2,NPI: 3.4,risknpi: 2,AOL_os_10y: 89.8,risk_AOL: 0,veridex_risk: Poor
GSM178030,samplename: VDXKIU_231C80,id: 231C80,filename: 115-231C80_KIA.CEL.gz,hospital: KAR,age: 56,size: 2.2,Surgery_type: 0,Histtype: 1,Angioinv: NA,Lymp_infil: NA,node: 0,grade: 2,er: 1,t.rfs: 2349,e.rfs: 1,t.os: 3650,e.os: 1,t.dmfs: 2349,e.dmfs: 1,t.tdm: 2349,e.tdm: 1,risksg: 2,NPI: 3.44,risknpi: 2,AOL_os_10y: 76.1,risk_AOL: 1,veridex_risk: Good
GSM178031,samplename: VDXKIU_247C76,id: 247C76,filename: 133-247C76_KIA.CEL.gz,hospital: KAR,age: 56,size: 2.5,Surgery_type: 0,Histtype: 1,Angioinv: NA,Lymp_infil: NA,node: 0,grade: 2,er: 1,t.rfs: 5779,e.rfs: 0,t.os: 5779,e.os: 0,t.dmfs: 5779,e.dmfs: 0,t.tdm: 5779,e.tdm: 0,risksg: 2,NPI: 3.5,risknpi: 2,AOL_os_10y: 76.1,risk_AOL: 1,veridex_risk: Poor
GSM178032,samplename: VDXKIU_248C91,id: 248C91,filename: 119-248C91_KIA.CEL.gz,hospital: KAR,age: 58,size: 2.3,Surgery_type: 0,Histtype: 3,Angioinv: NA,Lymp_infil: NA,node: 0,grade: 3,er: 1,t.rfs: 5779,e.rfs: 0,t.os: 5779,e.os: 0,t.dmfs: 5779,e.dmfs: 0,t.tdm: 5779,e.tdm: 0,risksg: 2,NPI: 4.46,risknpi: 2,AOL_os_10y: 68.4,risk_AOL: 1,veridex_risk: Good
GSM178033,samplename: VDXKIU_266C51,id: 266C51,filename: 205-266C51_KIA.CEL.gz,hospital: KAR,age: 58,size: 2.2,Surgery_type: 0,Histtype: 3,Angioinv: NA,Lymp_infil: NA,node: 0,grade: 2,er: 1,t.rfs: 5723,e.rfs: 0,t.os: 5723,e.os: 0,t.dmfs: 5723,e.dmfs: 0,t.tdm: 5723,e.tdm: 0,risksg: 2,NPI: 3.44,risknpi: 2,AOL_os_10y: 74.8,risk_AOL: 1,veridex_risk: Good
GSM178034,samplename: VDXKIU_268C87,id: 268C87,filename: 117-268C87_KIA.CEL.gz,hospital: KAR,age: 32,size: 1.5,Surgery_type: 0,Histtype: 3,Angioinv: NA,Lymp_infil: NA,node: 0,grade: 2,er: 1,t.rfs: 5714,e.rfs: 0,t.os: 5714,e.os: 0,t.dmfs: 5714,e.dmfs: 0,t.tdm: 5714,e.tdm: 0,risksg: 2,NPI: 3.3,risknpi: 1,AOL_os_10y: 87,risk_AOL: 1,veridex_risk: Good
GSM178035,samplename: VDXKIU_279C61,id: 279C61,filename: 132-279C61_KIA.CEL.gz,hospital: KAR,age: 50,size: 1.9,Surgery_type: 1,Histtype: 1,Angioinv: NA,Lymp_infil: NA,node: 0,grade: 3,er: 1,t.rfs: 5653,e.rfs: 0,t.os: 5653,e.os: 0,t.dmfs: 5653,e.dmfs: 0,t.tdm: 5653,e.tdm: 0,risksg: 2,NPI: 4.38,risknpi: 2,AOL_os_10y: 82.8,risk_AOL: 1,veridex_risk: Poor
GSM178036,samplename: VDXKIU_27B8,id: 27B8,filename: 139-27B8_KIA.CEL.gz,hospital: KAR,age: 49,size: 1.3,Surgery_type: 1,Histtype: 1,Angioinv: NA,Lymp_infil: NA,node: 0,grade: 3,er: 0,t.rfs: 125,e.rfs: 1,t.os: 146,e.os: 1,t.dmfs: 125,e.dmfs: 1,t.tdm: 125,e.tdm: 1,risksg: 2,NPI: 4.26,risknpi: 2,AOL_os_10y: 79.3,risk_AOL: 1,veridex_risk: Poor
GSM178037,samplename: VDXKIU_27C4,id: 27C4,filename: 235-27C4_KIA.CEL.gz,hospital: KAR,age: 47,size: 1.9,Surgery_type: 0,Histtype: 1,Angioinv: NA,Lymp_infil: NA,node: 0,grade: 1,er: 1,t.rfs: 5678,e.rfs: 0,t.os: 5678,e.os: 0,t.dmfs: 5678,e.dmfs: 0,t.tdm: 5678,e.tdm: 0,risksg: 1,NPI: 2.38,risknpi: 1,AOL_os_10y: 93.4,risk_AOL: 0,veridex_risk: Poor
GSM178038,samplename: VDXKIU_27D5,id: 27D5,filename: 143-27D5_KIA.CEL.gz,hospital: KAR,age: 56,size: 2.2,Surgery_type: 1,Histtype: 1,Angioinv: NA,Lymp_infil: NA,node: 0,grade: 2,er: 1,t.rfs: 1742,e.rfs: 1,t.os: 2697,e.os: 1,t.dmfs: 1742,e.dmfs: 1,t.tdm: 1742,e.tdm: 1,risksg: 2,NPI: 3.44,risknpi: 2,AOL_os_10y: 76.1,risk_AOL: 1,veridex_risk: Poor
GSM178039,samplename: VDXKIU_282C51,id: 282C51,filename: 141-282C51_KIA.CEL.gz,hospital: KAR,age: 55,size: 1,Surgery_type: 0,Histtype: 7,Angioinv: NA,Lymp_infil: NA,node: 0,grade: 1,er: 1,t.rfs: 865,e.rfs: 1,t.os: 3614,e.os: 1,t.dmfs: 3614,e.dmfs: 1,t.tdm: 3614,e.tdm: 0,risksg: 1,NPI: 2.2,risknpi: 1,AOL_os_10y: 91.5,risk_AOL: 0,veridex_risk: Good
GSM178040,samplename: VDXKIU_284C63,id: 284C63,filename: 184-284C63_KIA.CEL.gz,hospital: KAR,age: 48,size: 1.8,Surgery_type: 0,Histtype: 1,Angioinv: NA,Lymp_infil: NA,node: 0,grade: 2,er: 1,t.rfs: 5602,e.rfs: 0,t.os: 5602,e.os: 0,t.dmfs: 5602,e.dmfs: 0,t.tdm: 5602,e.tdm: 0,risksg: 2,NPI: 3.36,risknpi: 2,AOL_os_10y: 88.3,risk_AOL: 0,veridex_risk: Poor
GSM178041,samplename: VDXKIU_28C76,id: 28C76,filename: 114-28C76_KIA.CEL.gz,hospital: KAR,age: 56,size: 0.9,Surgery_type: 0,Histtype: NA,Angioinv: NA,Lymp_infil: NA,node: 0,grade: 2,er: 1,t.rfs: 5768,e.rfs: 0,t.os: 5768,e.os: 0,t.dmfs: 5768,e.dmfs: 0,t.tdm: 5768,e.tdm: 0,risksg: 2,NPI: 3.18,risknpi: 1,AOL_os_10y: 89,risk_AOL: 0,veridex_risk: Good
GSM178042,samplename: VDXKIU_292C66,id: 292C66,filename: 137-292C66_KIA.CEL.gz,hospital: KAR,age: 51,size: 2,Surgery_type: 0,Histtype: 3,Angioinv: NA,Lymp_infil: NA,node: 0,grade: 2,er: 1,t.rfs: 5684,e.rfs: 0,t.os: 5684,e.os: 0,t.dmfs: 5684,e.dmfs: 0,t.tdm: 5684,e.tdm: 0,risksg: 2,NPI: 3.4,risknpi: 2,AOL_os_10y: 87.2,risk_AOL: 1,veridex_risk: Poor
GSM178043,samplename: VDXKIU_309C49,id: 309C49,filename: 181-309C49_KIA.CEL.gz,hospital: KAR,age: 44,size: 1.2,Surgery_type: 0,Histtype: 3,Angioinv: NA,Lymp_infil: NA,node: 0,grade: 3,er: 1,t.rfs: 5530,e.rfs: 0,t.os: 5530,e.os: 0,t.dmfs: 5530,e.dmfs: 0,t.tdm: 5530,e.tdm: 0,risksg: 2,NPI: 4.24,risknpi: 2,AOL_os_10y: 84.6,risk_AOL: 1,veridex_risk: Good
GSM178044,samplename: VDXKIU_43C47,id: 43C47,filename: 182-43C47_KIA.CEL.gz,hospital: KAR,age: 46,size: 1.2,Surgery_type: 0,Histtype: 1,Angioinv: NA,Lymp_infil: NA,node: 0,grade: 2,er: 0,t.rfs: 232,e.rfs: 1,t.os: 5551,e.os: 0,t.dmfs: 5551,e.dmfs: 0,t.tdm: 5551,e.tdm: 0,risksg: 2,NPI: 3.24,risknpi: 1,AOL_os_10y: 83.1,risk_AOL: 1,veridex_risk: Poor
GSM178045,samplename: VDXKIU_87A79,id: 87A79,filename: 237-87A79_KIA.CEL.gz,hospital: KAR,age: 36,size: 1.2,Surgery_type: 1,Histtype: 3,Angioinv: NA,Lymp_infil: NA,node: 0,grade: 1,er: 1,t.rfs: 6352,e.rfs: 0,t.os: 6352,e.os: 0,t.dmfs: 6352,e.dmfs: 0,t.tdm: 6352,e.tdm: 0,risksg: 1,NPI: 2.24,risknpi: 1,AOL_os_10y: 95.5,risk_AOL: 0,veridex_risk: Poor
GSM178046,samplename: VDXRHU_302,id: 302,filename: 155-302_RHA.CEL.gz,hospital: RH,age: 44,size: 1.3,Surgery_type: 0,Histtype: 1,Angioinv: 0,Lymp_infil: NA,node: 0,grade: 2,er: 1,t.rfs: 722,e.rfs: 1,t.os: 6295,e.os: 0,t.dmfs: 6295,e.dmfs: 0,t.tdm: 6295,e.tdm: 0,risksg: 2,NPI: 3.26,risknpi: 1,AOL_os_10y: 89.4,risk_AOL: 0,veridex_risk: Poor
GSM178047,samplename: VDXRHU_317,id: 317,filename: 163-317_RHA.CEL.gz,hospital: RH,age: 41,size: 2.2,Surgery_type: 0,Histtype: 1,Angioinv: 0,Lymp_infil: NA,node: 0,grade: 2,er: 1,t.rfs: 6590,e.rfs: 1,t.os: 7260,e.os: 0,t.dmfs: 7185,e.dmfs: 1,t.tdm: 7185,e.tdm: 1,risksg: 2,NPI: 3.44,risknpi: 2,AOL_os_10y: 81.2,risk_AOL: 1,veridex_risk: Poor
GSM178048,samplename: VDXRHU_329,id: 329,filename: 159-329_RHA.CEL.gz,hospital: RH,age: 60,size: 3,Surgery_type: 1,Histtype: 4,Angioinv: 0,Lymp_infil: NA,node: 0,grade: 2,er: 1,t.rfs: 6281,e.rfs: 0,t.os: 6281,e.os: 0,t.dmfs: 6281,e.dmfs: 0,t.tdm: 6281,e.tdm: 0,risksg: 2,NPI: 3.6,risknpi: 2,AOL_os_10y: 73.4,risk_AOL: 1,veridex_risk: Poor
GSM178049,samplename: VDXRHU_410,id: 410,filename: 149-410_RHA.CEL.gz,hospital: RH,age: 59,size: 3,Surgery_type: 1,Histtype: 1,Angioinv: 0,Lymp_infil: NA,node: 0,grade: 2,er: 1,t.rfs: 3313,e.rfs: 1,t.os: 4594,e.os: 1,t.dmfs: 3313,e.dmfs: 1,t.tdm: 3313,e.tdm: 1,risksg: 2,NPI: 3.6,risknpi: 2,AOL_os_10y: 74.2,risk_AOL: 1,veridex_risk: Poor
GSM178050,samplename: VDXRHU_535,id: 535,filename: 171-535_RHA.CEL.gz,hospital: RH,age: 48,size: 2.7,Surgery_type: 0,Histtype: 1,Angioinv: 0,Lymp_infil: NA,node: 0,grade: 3,er: 0,t.rfs: 6003,e.rfs: 0,t.os: 6003,e.os: 0,t.dmfs: 6003,e.dmfs: 0,t.tdm: 6003,e.tdm: 0,risksg: 2,NPI: 4.54,risknpi: 2,AOL_os_10y: 66.2,risk_AOL: 1,veridex_risk: Poor
GSM178051,samplename: VDXRHU_1207,id: 1207,filename: 152-1207_RHA.CEL.gz,hospital: RH,age: 53,size: 3,Surgery_type: 1,Histtype: 1,Angioinv: 0,Lymp_infil: NA,node: 0,grade: 2,er: 1,t.rfs: 966,e.rfs: 1,t.os: 2972,e.os: 1,t.dmfs: 2972,e.dmfs: 1,t.tdm: 2972,e.tdm: 0,risksg: 2,NPI: 3.6,risknpi: 2,AOL_os_10y: 77.7,risk_AOL: 1,veridex_risk: Poor
GSM178052,samplename: VDXRHU_1246,id: 1246,filename: 161-1246_RHA.CEL.gz,hospital: RH,age: 43,size: 4,Surgery_type: 0,Histtype: 1,Angioinv: 0,Lymp_infil: NA,node: 0,grade: 3,er: 0,t.rfs: 6232,e.rfs: 0,t.os: 6232,e.os: 0,t.dmfs: 6232,e.dmfs: 0,t.tdm: 6232,e.tdm: 1,risksg: 2,NPI: 4.8,risknpi: 2,AOL_os_10y: 63.3,risk_AOL: 1,veridex_risk: Good
GSM178053,samplename: VDXRHU_1315,id: 1315,filename: 172-1315_RHA.CEL.gz,hospital: RH,age: 33,size: 1.5,Surgery_type: 0,Histtype: 1,Angioinv: 0,Lymp_infil: NA,node: 0,grade: 2,er: 1,t.rfs: 1857,e.rfs: 1,t.os: 9108,e.os: 0,t.dmfs: 9108,e.dmfs: 0,t.tdm: 9108,e.tdm: 0,risksg: 2,NPI: 3.3,risknpi: 1,AOL_os_10y: 86.9,risk_AOL: 1,veridex_risk: Poor
GSM178054,samplename: VDXRHU_1472,id: 1472,filename: 162-1472_RHA.CEL.gz,hospital: RH,age: 42,size: 2.6,Surgery_type: 0,Histtype: 2,Angioinv: 0,Lymp_infil: NA,node: 0,grade: 1,er: 1,t.rfs: 4353,e.rfs: 1,t.os: 5445,e.os: 1,t.dmfs: 4353,e.dmfs: 1,t.tdm: 4353,e.tdm: 1,risksg: 2,NPI: 2.52,risknpi: 1,AOL_os_10y: 88.9,risk_AOL: 0,veridex_risk: Good
GSM178055,samplename: VDXRHU_1496,id: 1496,filename: 177-1496_RHA.CEL.gz,hospital: RH,age: 51,size: 4,Surgery_type: 1,Histtype: 1,Angioinv: 0,Lymp_infil: NA,node: 0,grade: 3,er: 0,t.rfs: 3914,e.rfs: 0,t.os: 3914,e.os: 0,t.dmfs: 3914,e.dmfs: 0,t.tdm: 3914,e.tdm: 0,risksg: 2,NPI: 4.8,risknpi: 2,AOL_os_10y: 61.5,risk_AOL: 1,veridex_risk: Poor
GSM178056,samplename: VDXRHU_1522,id: 1522,filename: 156-1522_RHA.CEL.gz,hospital: RH,age: 31,size: 1.7,Surgery_type: 0,Histtype: 1,Angioinv: 0,Lymp_infil: NA,node: 0,grade: 3,er: 1,t.rfs: 5181,e.rfs: 0,t.os: 5181,e.os: 0,t.dmfs: 5181,e.dmfs: 0,t.tdm: 5181,e.tdm: 0,risksg: 2,NPI: 4.34,risknpi: 2,AOL_os_10y: 80.1,risk_AOL: 1,veridex_risk: Poor
GSM178057,samplename: VDXRHU_1526,id: 1526,filename: 174-1526_RHA.CEL.gz,hospital: RH,age: 60,size: 3.2,Surgery_type: 1,Histtype: 1,Angioinv: 0,Lymp_infil: NA,node: 0,grade: 3,er: 1,t.rfs: 3855,e.rfs: 0,t.os: 3855,e.os: 0,t.dmfs: 3855,e.dmfs: 0,t.tdm: 3855,e.tdm: 0,risksg: 2,NPI: 4.64,risknpi: 2,AOL_os_10y: 59.9,risk_AOL: 1,veridex_risk: Good
GSM178058,samplename: VDXRHU_1549,id: 1549,filename: 158-1549_RHA.CEL.gz,hospital: RH,age: 46,size: 2,Surgery_type: 0,Histtype: 1,Angioinv: 0,Lymp_infil: NA,node: 0,grade: 3,er: 1,t.rfs: 5156,e.rfs: 0,t.os: 5156,e.os: 0,t.dmfs: 5156,e.dmfs: 0,t.tdm: 5156,e.tdm: 0,risksg: 2,NPI: 4.4,risknpi: 2,AOL_os_10y: 84.1,risk_AOL: 1,veridex_risk: Poor
GSM178059,samplename: VDXRHU_1568,id: 1568,filename: 167-1568_RHA.CEL.gz,hospital: RH,age: 59,size: 2.1,Surgery_type: 0,Histtype: 1,Angioinv: 0,Lymp_infil: NA,node: 0,grade: 3,er: 0,t.rfs: 4744,e.rfs: 0,t.os: 4744,e.os: 0,t.dmfs: 4744,e.dmfs: 0,t.tdm: 4744,e.tdm: 0,risksg: 2,NPI: 4.42,risknpi: 2,AOL_os_10y: 61.5,risk_AOL: 1,veridex_risk: Poor
GSM178060,samplename: VDXRHU_1720,id: 1720,filename: 165-1720_RHA.CEL.gz,hospital: RH,age: 24,size: 3.2,Surgery_type: 0,Histtype: 1,Angioinv: 1,Lymp_infil: NA,node: 0,grade: 1,er: 1,t.rfs: 794,e.rfs: 1,t.os: 1308,e.os: 1,t.dmfs: 794,e.dmfs: 1,t.tdm: 794,e.tdm: 1,risksg: 2,NPI: 2.64,risknpi: 1,AOL_os_10y: 79.5,risk_AOL: 1,veridex_risk: Poor
GSM178061,samplename: VDXRHU_1721,id: 1721,filename: 221-1721_RHA.CEL.gz,hospital: RH,age: 54,size: 3,Surgery_type: 1,Histtype: 0,Angioinv: 1,Lymp_infil: NA,node: 0,grade: 2,er: 1,t.rfs: 1598,e.rfs: 1,t.os: 1864,e.os: 1,t.dmfs: 1598,e.dmfs: 1,t.tdm: 1598,e.tdm: 1,risksg: 2,NPI: 3.6,risknpi: 2,AOL_os_10y: 77.1,risk_AOL: 1,veridex_risk: Poor
GSM178062,samplename: VDXRHU_1745,id: 1745,filename: 170-1745_RHA.CEL.gz,hospital: RH,age: 55,size: 0.8,Surgery_type: 0,Histtype: 1,Angioinv: 0,Lymp_infil: NA,node: 0,grade: 2,er: 1,t.rfs: 5038,e.rfs: 0,t.os: 5038,e.os: 0,t.dmfs: 5038,e.dmfs: 0,t.tdm: 5038,e.tdm: 0,risksg: 2,NPI: 3.16,risknpi: 1,AOL_os_10y: 89.7,risk_AOL: 0,veridex_risk: Poor
GSM178063,samplename: VDXRHU_1767,id: 1767,filename: 223-1767_RHA.CEL.gz,hospital: RH,age: 41,size: 2.1,Surgery_type: 0,Histtype: 1,Angioinv: 1,Lymp_infil: NA,node: 0,grade: 3,er: 0,t.rfs: 4874,e.rfs: 0,t.os: 4874,e.os: 0,t.dmfs: 4874,e.dmfs: 0,t.tdm: 4874,e.tdm: 0,risksg: 2,NPI: 4.42,risknpi: 2,AOL_os_10y: 67.5,risk_AOL: 1,veridex_risk: Poor
GSM178064,samplename: VDXRHU_1771,id: 1771,filename: 226-1771_RHA.CEL.gz,hospital: RH,age: 42,size: 2.5,Surgery_type: 0,Histtype: 1,Angioinv: 0,Lymp_infil: NA,node: 0,grade: 3,er: 1,t.rfs: 4555,e.rfs: 0,t.os: 4555,e.os: 0,t.dmfs: 4555,e.dmfs: 0,t.tdm: 4555,e.tdm: 0,risksg: 2,NPI: 4.5,risknpi: 2,AOL_os_10y: 74.2,risk_AOL: 1,veridex_risk: Poor
GSM178065,samplename: VDXRHU_1917,id: 1917,filename: 160-1917_RHA.CEL.gz,hospital: RH,age: 47,size: 2.5,Surgery_type: 1,Histtype: 1,Angioinv: 0,Lymp_infil: NA,node: 0,grade: 3,er: 0,t.rfs: 4487,e.rfs: 0,t.os: 4487,e.os: 0,t.dmfs: 4487,e.dmfs: 0,t.tdm: 4487,e.tdm: 0,risksg: 2,NPI: 4.5,risknpi: 2,AOL_os_10y: 66.4,risk_AOL: 1,veridex_risk: Poor
GSM178066,samplename: VDXRHU_1919,id: 1919,filename: 168-1919_RHA.CEL.gz,hospital: RH,age: 53,size: 2.2,Surgery_type: 0,Histtype: 1,Angioinv: 0,Lymp_infil: NA,node: 0,grade: 3,er: 0,t.rfs: 4297,e.rfs: 0,t.os: 4297,e.os: 0,t.dmfs: 4297,e.dmfs: 0,t.tdm: 4297,e.tdm: 0,risksg: 2,NPI: 4.44,risknpi: 2,AOL_os_10y: 64.5,risk_AOL: 1,veridex_risk: Good
GSM178067,samplename: VDXRHU_1959,id: 1959,filename: 216-1959_RHA.CEL.gz,hospital: RH,age: 50,size: 2.4,Surgery_type: 1,Histtype: 2,Angioinv: 0,Lymp_infil: NA,node: 0,grade: 2,er: 1,t.rfs: 4866,e.rfs: 0,t.os: 4866,e.os: 0,t.dmfs: 4866,e.dmfs: 0,t.tdm: 4866,e.tdm: 0,risksg: 2,NPI: 3.48,risknpi: 2,AOL_os_10y: 79,risk_AOL: 1,veridex_risk: Poor
GSM178068,samplename: VDXRHU_1970,id: 1970,filename: 151-1970_RHA.CEL.gz,hospital: RH,age: 44,size: 2.2,Surgery_type: 0,Histtype: 1,Angioinv: 0,Lymp_infil: NA,node: 0,grade: 3,er: 1,t.rfs: 4178,e.rfs: 0,t.os: 4178,e.os: 0,t.dmfs: 4178,e.dmfs: 0,t.tdm: 4178,e.tdm: 0,risksg: 2,NPI: 4.44,risknpi: 2,AOL_os_10y: 73.8,risk_AOL: 1,veridex_risk: Poor
GSM178069,samplename: VDXRHU_2039,id: 2039,filename: 173-2039_RHA.CEL.gz,hospital: RH,age: 48,size: 1.5,Surgery_type: 0,Histtype: 9,Angioinv: 0,Lymp_infil: 1,node: 0,grade: 1,er: 0,t.rfs: 2674,e.rfs: 1,t.os: 6011,e.os: 1,t.dmfs: 4618,e.dmfs: 1,t.tdm: 4618,e.tdm: 1,risksg: 2,NPI: 2.3,risknpi: 1,AOL_os_10y: 90.3,risk_AOL: 1,veridex_risk: Poor
GSM178070,samplename: VDXRHU_2248,id: 2248,filename: 150-2248_RHA.CEL.gz,hospital: RH,age: 49,size: 3,Surgery_type: 0,Histtype: 1,Angioinv: 0,Lymp_infil: NA,node: 0,grade: 2,er: 1,t.rfs: 2541,e.rfs: 1,t.os: 4052,e.os: 0,t.dmfs: 4052,e.dmfs: 0,t.tdm: 4052,e.tdm: 0,risksg: 2,NPI: 3.6,risknpi: 2,AOL_os_10y: 79.3,risk_AOL: 1,veridex_risk: Good
GSM178071,samplename: VDXRHU_2320,id: 2320,filename: 191-2320_RHA.CEL.gz,hospital: RH,age: 43,size: 2.5,Surgery_type: 0,Histtype: 1,Angioinv: 0,Lymp_infil: NA,node: 0,grade: 2,er: 1,t.rfs: 1432,e.rfs: 1,t.os: 3782,e.os: 0,t.dmfs: 3782,e.dmfs: 0,t.tdm: 3782,e.tdm: 0,risksg: 2,NPI: 3.5,risknpi: 2,AOL_os_10y: 80.8,risk_AOL: 1,veridex_risk: Poor
GSM178072,samplename: VDXRHU_2393,id: 2393,filename: 148-2393_RHA.CEL.gz,hospital: RH,age: 45,size: 2,Surgery_type: 0,Histtype: 1,Angioinv: 0,Lymp_infil: NA,node: 0,grade: 1,er: 1,t.rfs: 3492,e.rfs: 0,t.os: 3492,e.os: 0,t.dmfs: 3492,e.dmfs: 0,t.tdm: 3492,e.tdm: 0,risksg: 1,NPI: 2.4,risknpi: 1,AOL_os_10y: 94,risk_AOL: 0,veridex_risk: Poor
GSM178073,samplename: VDXRHU_2587,id: 2587,filename: 157-2587_RHA.CEL.gz,hospital: RH,age: 53,size: 1.4,Surgery_type: 1,Histtype: 1,Angioinv: 0,Lymp_infil: NA,node: 0,grade: 3,er: 0,t.rfs: 2561,e.rfs: 0,t.os: 2561,e.os: 0,t.dmfs: 2561,e.dmfs: 0,t.tdm: 2561,e.tdm: 0,risksg: 2,NPI: 4.28,risknpi: 2,AOL_os_10y: 77.7,risk_AOL: 1,veridex_risk: Good
GSM178074,samplename: VDXRHU_3642,id: 3642,filename: 194-3642_RHA.CEL.gz,hospital: RH,age: 40,size: 4.2,Surgery_type: 0,Histtype: 4,Angioinv: 0,Lymp_infil: NA,node: 0,grade: 3,er: 1,t.rfs: 2454,e.rfs: 1,t.os: 5284,e.os: 1,t.dmfs: 2454,e.dmfs: 1,t.tdm: 2454,e.tdm: 1,risksg: 2,NPI: 4.84,risknpi: 2,AOL_os_10y: 66.6,risk_AOL: 1,veridex_risk: Poor
GSM178075,samplename: VDXRHU_4188,id: 4188,filename: 176-4188_RHA.CEL.gz,hospital: RH,age: 48,size: 3.2,Surgery_type: 0,Histtype: 1,Angioinv: 0,Lymp_infil: NA,node: 0,grade: 3,er: 0,t.rfs: 2879,e.rfs: 0,t.os: 2879,e.os: 0,t.dmfs: 2879,e.dmfs: 0,t.tdm: 2879,e.tdm: 0,risksg: 2,NPI: 4.64,risknpi: 2,AOL_os_10y: 62.3,risk_AOL: 1,veridex_risk: Good
GSM178076,samplename: VDXRHU_5223,id: 5223,filename: 175-5223_RHA.CEL.gz,hospital: RH,age: 56,size: 1.5,Surgery_type: 1,Histtype: 1,Angioinv: 0,Lymp_infil: NA,node: 0,grade: 2,er: 1,t.rfs: 5137,e.rfs: 0,t.os: 5137,e.os: 0,t.dmfs: 5137,e.dmfs: 0,t.tdm: 5137,e.tdm: 0,risksg: 2,NPI: 3.3,risknpi: 1,AOL_os_10y: 84.4,risk_AOL: 1,veridex_risk: Poor
GSM178077,samplename: VDXRHU_5226,id: 5226,filename: 198-5226_RHA.CEL.gz,hospital: RH,age: 45,size: 1.7,Surgery_type: 0,Histtype: 2,Angioinv: 0,Lymp_infil: NA,node: 0,grade: 2,er: 1,t.rfs: 6961,e.rfs: 1,t.os: 7023,e.os: 0,t.dmfs: 7023,e.dmfs: 0,t.tdm: 7023,e.tdm: 0,risksg: 2,NPI: 3.34,risknpi: 2,AOL_os_10y: 89.2,risk_AOL: 0,veridex_risk: Poor
GSM178078,samplename: VDXRHU_5228,id: 5228,filename: 164-5228_RHA.CEL.gz,hospital: RH,age: 39,size: 2.2,Surgery_type: 0,Histtype: 1,Angioinv: 0,Lymp_infil: NA,node: 0,grade: 3,er: 0,t.rfs: 5673,e.rfs: 0,t.os: 5673,e.os: 0,t.dmfs: 5673,e.dmfs: 0,t.tdm: 5673,e.tdm: 0,risksg: 2,NPI: 4.44,risknpi: 2,AOL_os_10y: 67.7,risk_AOL: 1,veridex_risk: Poor
GSM178079,samplename: VDXRHU_5232,id: 5232,filename: 236-5232_RHA.CEL.gz,hospital: RH,age: 46,size: 3.2,Surgery_type: 0,Histtype: 1,Angioinv: 0,Lymp_infil: NA,node: 0,grade: 3,er: 0,t.rfs: 404,e.rfs: 1,t.os: 1246,e.os: 1,t.dmfs: 404,e.dmfs: 1,t.tdm: 404,e.tdm: 1,risksg: 2,NPI: 4.64,risknpi: 2,AOL_os_10y: 62.7,risk_AOL: 0,veridex_risk: Poor
GSM178080,samplename: VDXRHU_5235,id: 5235,filename: 195-5235_RHA.CEL.gz,hospital: RH,age: 47,size: 2.5,Surgery_type: 0,Histtype: 1,Angioinv: 1,Lymp_infil: NA,node: 0,grade: 1,er: 1,t.rfs: 2225,e.rfs: 0,t.os: 2225,e.os: 0,t.dmfs: 2225,e.dmfs: 0,t.tdm: 2225,e.tdm: 0,risksg: 2,NPI: 2.5,risknpi: 1,AOL_os_10y: 87.6,risk_AOL: 1,veridex_risk: Poor
GSM178081,samplename: VDXRHU_5236,id: 5236,filename: 204-5236_RHA.CEL.gz,hospital: RH,age: 43,size: 1.2,Surgery_type: 0,Histtype: 1,Angioinv: 0,Lymp_infil: NA,node: 0,grade: 2,er: 1,t.rfs: 2722,e.rfs: 0,t.os: 2722,e.os: 0,t.dmfs: 2722,e.dmfs: 0,t.tdm: 2722,e.tdm: 0,risksg: 2,NPI: 3.24,risknpi: 1,AOL_os_10y: 89.6,risk_AOL: 0,veridex_risk: Good
GSM178082,samplename: VDXRHU_5240,id: 5240,filename: 154-5240_RHA.CEL.gz,hospital: RH,age: 39,size: 2.5,Surgery_type: 0,Histtype: 9,Angioinv: 0,Lymp_infil: NA,node: 0,grade: 3,er: 0,t.rfs: 1345,e.rfs: 1,t.os: 1781,e.os: 0,t.dmfs: 1781,e.dmfs: 0,t.tdm: 1781,e.tdm: 0,risksg: 2,NPI: 4.5,risknpi: 2,AOL_os_10y: 67.7,risk_AOL: 1,veridex_risk: Poor
